bubblesort_slow ; 0.033325195312500000, 0.016540527343750000,  ,  ,  12.449 
bubblesort_slow ; 0.027648925781250000, 0.012145996093750000,  ,  ,  12.845 
bubblesort_slow ; 0.027954101562500000, 0.007446289062500000,  ,  ,  14.167 
bubblesort_slow ; 0.030822753906250000, 0.007141113281250000,  ,  ,  14.898 
bubblesort_slow ; 0.030395507812500000, 0.007202148437500000,  ,  ,  15.144 
bubblesort_slow ; 0.031982421875000000, 0.007080078125000000,  ,  ,  15.242 
bubblesort_slow ; 0.035583496093750000, 0.007507324218750000,  ,  ,  14.435 
bubblesort_slow ; 0.026428222656250000, 0.009094238281250000,  ,  ,  13.505 
bubblesort_slow ; 0.024047851562500000, 0.008605957031250000,  ,  ,  13.347 
bubblesort_slow ; 0.023742675781250000, 0.008605957031250000,  ,  ,  13.506 
bubblesort_slow ; 0.024414062500000000, 0.008483886718750000,  ,  ,  13.175 
bubblesort_slow ; 0.023925781250000000, 0.008666992187500000,  ,  ,  13.554 
bubblesort_slow ; 0.025390625000000000, 0.008605957031250000,  ,  ,  14.039 
bubblesort_slow ; 0.025756835937500000, 0.008789062500000000,  ,  ,  13.731 
bubblesort_slow ; 0.023193359375000000, 0.008178710937500000,  ,  ,  13.738 
bubblesort_slow ; 0.023193359375000000, 0.008422851562500000,  ,  ,  13.743 
bubblesort_slow ; 0.025573730468750000, 0.008483886718750000,  ,  ,  13.772 
bubblesort_slow ; 0.024963378906250000, 0.007690429687500000,  ,  ,  13.342 
bubblesort_slow ; 0.023620605468750000, 0.007812500000000000,  ,  ,  13.648 
bubblesort_slow ; 0.027404785156250000, 0.007995605468750000,  ,  ,  13.704 
bubblesort_slow ; 0.022521972656250000, 0.007690429687500000,  ,  ,  13.658 
bubblesort_slow ; 0.025146484375000000, 0.007812500000000000,  ,  ,  13.873 
bubblesort_slow ; 0.022827148437500000, 0.007629394531250000,  ,  ,  13.528 
bubblesort_slow ; 0.024780273437500000, 0.007995605468750000,  ,  ,  13.755 
bubblesort_slow ; 0.023132324218750000, 0.007507324218750000,  ,  ,  13.663 
bubblesort_slow ; 0.057617187500000000, 0.007751464843750000,  ,  ,  44.545 
bubblesort_slow ; 0.049987792968750000, 0.006530761718750000,  ,  ,  36.099 
bubblesort_slow ; 0.058776855468750000, 0.006774902343750000,  ,  ,  46.091 
bubblesort_slow ; 0.052246093750000000, 0.006469726562500000,  ,  ,  35.612 
bubblesort_slow ; 0.022338867187500000, 0.005371093750000000,  ,  ,  15.48 
bubblesort_slow ; 0.027893066406250000, 0.005554199218750000,  ,  ,  15.054 
bubblesort_slow ; 0.024047851562500000, 0.005798339843750000,  ,  ,  15.389 
bubblesort_slow ; 0.023132324218750000, 0.005432128906250000,  ,  ,  15.021 
bubblesort_slow ; 0.021240234375000000, 0.005249023437500000,  ,  ,  14.763 
bubblesort_slow ; 0.022644042968750000, 0.005371093750000000,  ,  ,  15.168 
bubblesort_slow ; 0.027160644531250000, 0.005493164062500000,  ,  ,  15.328 
bubblesort_slow ; 0.022705078125000000, 0.005798339843750000,  ,  ,  15.225 
bubblesort_slow ; 0.022094726562500000, 0.005126953125000000,  ,  ,  15.15 
bubblesort_slow ; 0.022460937500000000, 0.005371093750000000,  ,  ,  15.064 
bubblesort_slow ; 0.022766113281250000, 0.005187988281250000,  ,  ,  15.28 
bubblesort_slow ; 0.026306152343750000, 0.005310058593750000,  ,  ,  15.429 
bubblesort_slow ; 0.023437500000000000, 0.005371093750000000,  ,  ,  15.692 
bubblesort_slow ; 0.021911621093750000, 0.005187988281250000,  ,  ,  15.642 
bubblesort_slow ; 0.023010253906250000, 0.005004882812500000,  ,  ,  15.288 
bubblesort_slow ; 0.026794433593750000, 0.005004882812500000,  ,  ,  15.164 
bubblesort_slow ; 0.022094726562500000, 0.005004882812500000,  ,  ,  15.011 
bubblesort_slow ; 0.022094726562500000, 0.005004882812500000,  ,  ,  15.223 
bubblesort_slow ; 0.023132324218750000, 0.005065917968750000,  ,  ,  15.584 
bubblesort_slow ; 0.022827148437500000, 0.005187988281250000,  ,  ,  15.537 
bubblesort_slow ; 0.029235839843750000, 0.007690429687500000,  ,  ,  15.346 
bubblesort_slow ; 0.021850585937500000, 0.005065917968750000,  ,  ,  15.335 
bubblesort_slow ; 0.021972656250000000, 0.005126953125000000,  ,  ,  15.23 
bubblesort_slow ; 0.024230957031250000, 0.005065917968750000,  ,  ,  15.341 
bubblesort_slow ; 0.025939941406250000, 0.005004882812500000,  ,  ,  15.126 
bubblesort_slow ; 0.022766113281250000, 0.005004882812500000,  ,  ,  15.175 
bubblesort_slow ; 0.022399902343750000, 0.004943847656250000,  ,  ,  15.163 
bubblesort_slow ; 0.022033691406250000, 0.004760742187500000,  ,  ,  14.816 
bubblesort_slow ; 0.046020507812500000, 0.005432128906250000,  ,  ,  35.074 
bubblesort_slow ; 0.071899414062500000, 0.005859375000000000,  ,  ,  55.648 
bubblesort_slow ; 0.065185546875000000, 0.005920410156250000,  ,  ,  55.729 
bubblesort_slow ; 0.045471191406250000, 0.005737304687500000,  ,  ,  35.775 
bubblesort_slow ; 0.024658203125000000, 0.004394531250000000,  ,  ,  15.959 
bubblesort_slow ; 0.024047851562500000, 0.004638671875000000,  ,  ,  16.298 
bubblesort_slow ; 0.026611328125000000, 0.004577636718750000,  ,  ,  16.354 
bubblesort_slow ; 0.022277832031250000, 0.004638671875000000,  ,  ,  16.52 
bubblesort_slow ; 0.021484375000000000, 0.004760742187500000,  ,  ,  15.954 
bubblesort_slow ; 0.027221679687500000, 0.004516601562500000,  ,  ,  15.777 
bubblesort_slow ; 0.021911621093750000, 0.004516601562500000,  ,  ,  15.942 
bubblesort_slow ; 0.021728515625000000, 0.004821777343750000,  ,  ,  16.042 
bubblesort_slow ; 0.020751953125000000, 0.004211425781250000,  ,  ,  15.546 
bubblesort_slow ; 0.025878906250000000, 0.004821777343750000,  ,  ,  15.425 
bubblesort_slow ; 0.021301269531250000, 0.004455566406250000,  ,  ,  14.936 
bubblesort_slow ; 0.020996093750000000, 0.004516601562500000,  ,  ,  15.197 
bubblesort_slow ; 0.021179199218750000, 0.004455566406250000,  ,  ,  15.382 
bubblesort_slow ; 0.028442382812500000, 0.004699707031250000,  ,  ,  15.073 
bubblesort_slow ; 0.018676757812500000, 0.004394531250000000,  ,  ,  16.027 
bubblesort_slow ; 0.024780273437500000, 0.004394531250000000,  ,  ,  16.185 
bubblesort_slow ; 0.022216796875000000, 0.004272460937500000,  ,  ,  16.036 
bubblesort_slow ; 0.023803710937500000, 0.004150390625000000,  ,  ,  16.164 
bubblesort_slow ; 0.026000976562500000, 0.004577636718750000,  ,  ,  15.997 
bubblesort_slow ; 0.021972656250000000, 0.004638671875000000,  ,  ,  15.944 
bubblesort_slow ; 0.021972656250000000, 0.004394531250000000,  ,  ,  15.18 
bubblesort_slow ; 0.025512695312500000, 0.004638671875000000,  ,  ,  15.398 
bubblesort_slow ; 0.021240234375000000, 0.004394531250000000,  ,  ,  15.207 
bubblesort_slow ; 0.021118164062500000, 0.004394531250000000,  ,  ,  15.246 
bubblesort_slow ; 0.022521972656250000, 0.004577636718750000,  ,  ,  15.592 
bubblesort_slow ; 0.026123046875000000, 0.004272460937500000,  ,  ,  14.994 
bubblesort_slow ; 0.020690917968750000, 0.004394531250000000,  ,  ,  15.074 
bubblesort_slow ; 0.021057128906250000, 0.004638671875000000,  ,  ,  15.516 
bubblesort_slow ; 0.023132324218750000, 0.004455566406250000,  ,  ,  15.42 
bubblesort_slow ; 0.021972656250000000, 0.004272460937500000,  ,  ,  15.501 
bubblesort_slow ; 0.027526855468750000, 0.004699707031250000,  ,  ,  15.754 
bubblesort_slow ; 0.021179199218750000, 0.004333496093750000,  ,  ,  15.363 
bubblesort_slow ; 0.022644042968750000, 0.004516601562500000,  ,  ,  15.662 
bubblesort_slow ; 0.021728515625000000, 0.004821777343750000,  ,  ,  15.588 
bubblesort_slow ; 0.025451660156250000, 0.004760742187500000,  ,  ,  15.405 
bubblesort_slow ; 0.020690917968750000, 0.004333496093750000,  ,  ,  15.191 
bubblesort_slow ; 0.021179199218750000, 0.004455566406250000,  ,  ,  15.224 
bubblesort_slow ; 0.022277832031250000, 0.004455566406250000,  ,  ,  15.395 
bubblesort_slow ; 0.026245117187500000, 0.004516601562500000,  ,  ,  15.284 
bubblesort_slow ; 0.021606445312500000, 0.004394531250000000,  ,  ,  15.449 
bubblesort_slow ; 0.022033691406250000, 0.004638671875000000,  ,  ,  15.364 
bubblesort_slow ; 0.021850585937500000, 0.004333496093750000,  ,  ,  15.485 
bubblesort_slow ; 0.026855468750000000, 0.004394531250000000,  ,  ,  15.217 
bubblesort_slow ; 0.021545410156250000, 0.007019042968750000,  ,  ,  14.867 
bubblesort_slow ; 0.024963378906250000, 0.004577636718750000,  ,  ,  15.177 
bubblesort_slow ; 0.021911621093750000, 0.004516601562500000,  ,  ,  14.981 
bubblesort_slow ; 0.021240234375000000, 0.004455566406250000,  ,  ,  15.008 
bubblesort_slow ; 0.022033691406250000, 0.004394531250000000,  ,  ,  15.057 
bubblesort_slow ; 0.025634765625000000, 0.004516601562500000,  ,  ,  15.247 
bubblesort_slow ; 0.021057128906250000, 0.004211425781250000,  ,  ,  15.229 
bubblesort_slow ; 0.020751953125000000, 0.004272460937500000,  ,  ,  14.893 
bubblesort_slow ; 0.020935058593750000, 0.004516601562500000,  ,  ,  15.392 
bubblesort_slow ; 0.025756835937500000, 0.004516601562500000,  ,  ,  15.654 
bubblesort_slow ; 0.021301269531250000, 0.004577636718750000,  ,  ,  15.36 
bubblesort_slow ; 0.021301269531250000, 0.004333496093750000,  ,  ,  15.508 
bubblesort_slow ; 0.022705078125000000, 0.004516601562500000,  ,  ,  16.032 
bubblesort_slow ; 0.024597167968750000, 0.004211425781250000,  ,  ,  16.022 
bubblesort_slow ; 0.024475097656250000, 0.004272460937500000,  ,  ,  16.107 
bubblesort_slow ; 0.022277832031250000, 0.004333496093750000,  ,  ,  16.07 
bubblesort_slow ; 0.024414062500000000, 0.004516601562500000,  ,  ,  15.858 
bubblesort_slow ; 0.067871093750000000, 0.005981445312500000,  ,  ,  55.926 
bubblesort_slow ; 0.066833496093750000, 0.006347656250000000,  ,  ,  56.038 
bubblesort_slow ; 0.045104980468750000, 0.005126953125000000,  ,  ,  36.111 
bubblesort_slow ; 0.047241210937500000, 0.005249023437500000,  ,  ,  36.142 
bubblesort_slow ; 0.023864746093750000, 0.004699707031250000,  ,  ,  16.293 
bubblesort_slow ; 0.026611328125000000, 0.004638671875000000,  ,  ,  16.338 
bubblesort_slow ; 0.022399902343750000, 0.004455566406250000,  ,  ,  16.128 
bubblesort_slow ; 0.023193359375000000, 0.004821777343750000,  ,  ,  15.573 
bubblesort_slow ; 0.025817871093750000, 0.004699707031250000,  ,  ,  15.53 
bubblesort_slow ; 0.022338867187500000, 0.004699707031250000,  ,  ,  15.524 
bubblesort_slow ; 0.022338867187500000, 0.004455566406250000,  ,  ,  15.694 
bubblesort_slow ; 0.021545410156250000, 0.004516601562500000,  ,  ,  15.357 
bubblesort_slow ; 0.026245117187500000, 0.004516601562500000,  ,  ,  15.329 
bubblesort_slow ; 0.021362304687500000, 0.004638671875000000,  ,  ,  15.052 
bubblesort_slow ; 0.022399902343750000, 0.004394531250000000,  ,  ,  15.615 
bubblesort_slow ; 0.021240234375000000, 0.004516601562500000,  ,  ,  15.249 
bubblesort_slow ; 0.027343750000000000, 0.004272460937500000,  ,  ,  15.844 
bubblesort_slow ; 0.021667480468750000, 0.004455566406250000,  ,  ,  15.279 
bubblesort_slow ; 0.021423339843750000, 0.004577636718750000,  ,  ,  15.025 
bubblesort_slow ; 0.021484375000000000, 0.004638671875000000,  ,  ,  15.058 
bubblesort_slow ; 0.021789550781250000, 0.004699707031250000,  ,  ,  15.209 
bubblesort_slow ; 0.025756835937500000, 0.004516601562500000,  ,  ,  15.816 
bubblesort_slow ; 0.020812988281250000, 0.004333496093750000,  ,  ,  15.715 
bubblesort_slow ; 0.023071289062500000, 0.004760742187500000,  ,  ,  15.747 
bubblesort_slow ; 0.022155761718750000, 0.004455566406250000,  ,  ,  16.529 
bubblesort_slow ; 0.026489257812500000, 0.004638671875000000,  ,  ,  16.253 
bubblesort_slow ; 0.020935058593750000, 0.004272460937500000,  ,  ,  15.333 
bubblesort_slow ; 0.021606445312500000, 0.004577636718750000,  ,  ,  15.346 
bubblesort_slow ; 0.021057128906250000, 0.004333496093750000,  ,  ,  14.987 
bubblesort_slow ; 0.025695800781250000, 0.004577636718750000,  ,  ,  15.128 
bubblesort_slow ; 0.021362304687500000, 0.004638671875000000,  ,  ,  15.076 
bubblesort_slow ; 0.021606445312500000, 0.004455566406250000,  ,  ,  15.278 
bubblesort_slow ; 0.021667480468750000, 0.004455566406250000,  ,  ,  15.301 
bubblesort_slow ; 0.022399902343750000, 0.004333496093750000,  ,  ,  14.971 
bubblesort_slow ; 0.025329589843750000, 0.004516601562500000,  ,  ,  15.06 
bubblesort_slow ; 0.021118164062500000, 0.004455566406250000,  ,  ,  15.104 
bubblesort_slow ; 0.022094726562500000, 0.004394531250000000,  ,  ,  15.279 
bubblesort_slow ; 0.021850585937500000, 0.004516601562500000,  ,  ,  15.15 
bubblesort_slow ; 0.025207519531250000, 0.007202148437500000,  ,  ,  15.217 
bubblesort_slow ; 0.026794433593750000, 0.004760742187500000,  ,  ,  15.133 
bubblesort_slow ; 0.022644042968750000, 0.004882812500000000,  ,  ,  15.64 
bubblesort_slow ; 0.020996093750000000, 0.004394531250000000,  ,  ,  15.484 
bubblesort_slow ; 0.027587890625000000, 0.004699707031250000,  ,  ,  15.716 
bubblesort_slow ; 0.022888183593750000, 0.004699707031250000,  ,  ,  15.706 
bubblesort_slow ; 0.021606445312500000, 0.004760742187500000,  ,  ,  15.399 
bubblesort_slow ; 0.020263671875000000, 0.004394531250000000,  ,  ,  15.282 
bubblesort_slow ; 0.022888183593750000, 0.004821777343750000,  ,  ,  15.418 
bubblesort_slow ; 0.025634765625000000, 0.004516601562500000,  ,  ,  15.358 
bubblesort_slow ; 0.022460937500000000, 0.004638671875000000,  ,  ,  15.636 
bubblesort_slow ; 0.021423339843750000, 0.004821777343750000,  ,  ,  15.506 
bubblesort_slow ; 0.022705078125000000, 0.004577636718750000,  ,  ,  15.585 
bubblesort_slow ; 0.026000976562500000, 0.004577636718750000,  ,  ,  15.474 
bubblesort_slow ; 0.021972656250000000, 0.004516601562500000,  ,  ,  15.387 
bubblesort_slow ; 0.021118164062500000, 0.004455566406250000,  ,  ,  15.296 
bubblesort_slow ; 0.021118164062500000, 0.004333496093750000,  ,  ,  15.23 
bubblesort_slow ; 0.028015136718750000, 0.005004882812500000,  ,  ,  15.581 
bubblesort_slow ; 0.021118164062500000, 0.004516601562500000,  ,  ,  15.631 
bubblesort_slow ; 0.021606445312500000, 0.004577636718750000,  ,  ,  15.627 
bubblesort_slow ; 0.022766113281250000, 0.004577636718750000,  ,  ,  15.685 
bubblesort_slow ; 0.022888183593750000, 0.004516601562500000,  ,  ,  15.644 
bubblesort_slow ; 0.024963378906250000, 0.004882812500000000,  ,  ,  15.685 
bubblesort_slow ; 0.022521972656250000, 0.004516601562500000,  ,  ,  15.44 
bubblesort_slow ; 0.021301269531250000, 0.004638671875000000,  ,  ,  15.299 
bubblesort_slow ; 0.022155761718750000, 0.004455566406250000,  ,  ,  15.206 
bubblesort_slow ; 0.026550292968750000, 0.004577636718750000,  ,  ,  15.589 
bubblesort_slow ; 0.021057128906250000, 0.004699707031250000,  ,  ,  15.525 
bubblesort_slow ; 0.022094726562500000, 0.004699707031250000,  ,  ,  15.624 
bubblesort_slow ; 0.027832031250000000, 0.004699707031250000,  ,  ,  15.634 
bubblesort_slow ; 0.020996093750000000, 0.004638671875000000,  ,  ,  15.407 
bubblesort_slow ; 0.021179199218750000, 0.004516601562500000,  ,  ,  15.2 
bubblesort_slow ; 0.022460937500000000, 0.004516601562500000,  ,  ,  15.471 
bubblesort_slow ; 0.022705078125000000, 0.004516601562500000,  ,  ,  15.411 
bubblesort_slow ; 0.027343750000000000, 0.004760742187500000,  ,  ,  15.616 
bubblesort_slow ; 0.021301269531250000, 0.004333496093750000,  ,  ,  15.469 
bubblesort_slow ; 0.022644042968750000, 0.004455566406250000,  ,  ,  15.522 
bubblesort_slow ; 0.021850585937500000, 0.004577636718750000,  ,  ,  15.712 
bubblesort_slow ; 0.024291992187500000, 0.004638671875000000,  ,  ,  16.147 
bubblesort_slow ; 0.023376464843750000, 0.004638671875000000,  ,  ,  15.7 
bubblesort_slow ; 0.022644042968750000, 0.004821777343750000,  ,  ,  15.458 
bubblesort_slow ; 0.021972656250000000, 0.004577636718750000,  ,  ,  15.235 
bubblesort_slow ; 0.025939941406250000, 0.004455566406250000,  ,  ,  15.28 
bubblesort_slow ; 0.022827148437500000, 0.004577636718750000,  ,  ,  15.574 
bubblesort_slow ; 0.021179199218750000, 0.004699707031250000,  ,  ,  15.503 
bubblesort_slow ; 0.021179199218750000, 0.004333496093750000,  ,  ,  15.54 
bubblesort_slow ; 0.025695800781250000, 0.004394531250000000,  ,  ,  15.35 
bubblesort_slow ; 0.021728515625000000, 0.004455566406250000,  ,  ,  15.081 
bubblesort_slow ; 0.021240234375000000, 0.004394531250000000,  ,  ,  15.52 
bubblesort_slow ; 0.023071289062500000, 0.004577636718750000,  ,  ,  15.362 
bubblesort_slow ; 0.021972656250000000, 0.004638671875000000,  ,  ,  15.523 
bubblesort_slow ; 0.027404785156250000, 0.004760742187500000,  ,  ,  15.593 
bubblesort_slow ; 0.021728515625000000, 0.004455566406250000,  ,  ,  15.529 
bubblesort_slow ; 0.021118164062500000, 0.004516601562500000,  ,  ,  15.379 
bubblesort_slow ; 0.027526855468750000, 0.004516601562500000,  ,  ,  16.204 
bubblesort_slow ; 0.021545410156250000, 0.004516601562500000,  ,  ,  16.366 
bubblesort_slow ; 0.022216796875000000, 0.004394531250000000,  ,  ,  16.03 
bubblesort_slow ; 0.022521972656250000, 0.004333496093750000,  ,  ,  15.873 
bubblesort_slow ; 0.026000976562500000, 0.004394531250000000,  ,  ,  15.45 
bubblesort_slow ; 0.020935058593750000, 0.004760742187500000,  ,  ,  15.53 
bubblesort_slow ; 0.021301269531250000, 0.004516601562500000,  ,  ,  15.315 
bubblesort_slow ; 0.021545410156250000, 0.004760742187500000,  ,  ,  15.372 
bubblesort_slow ; 0.025634765625000000, 0.004455566406250000,  ,  ,  15.504 
bubblesort_slow ; 0.022521972656250000, 0.007507324218750000,  ,  ,  15.448 
bubblesort_slow ; 0.023559570312500000, 0.004455566406250000,  ,  ,  15.443 
bubblesort_slow ; 0.023498535156250000, 0.005065917968750000,  ,  ,  15.792 
bubblesort_slow ; 0.023010253906250000, 0.004455566406250000,  ,  ,  15.804 
bubblesort_slow ; 0.024475097656250000, 0.004699707031250000,  ,  ,  15.614 
bubblesort_slow ; 0.022766113281250000, 0.004516601562500000,  ,  ,  15.261 
bubblesort_slow ; 0.021423339843750000, 0.004638671875000000,  ,  ,  15.373 
bubblesort_slow ; 0.023437500000000000, 0.004821777343750000,  ,  ,  15.645 
bubblesort_slow ; 0.026245117187500000, 0.004699707031250000,  ,  ,  16.077 
bubblesort_slow ; 0.022705078125000000, 0.004394531250000000,  ,  ,  16.231 
bubblesort_slow ; 0.022399902343750000, 0.004272460937500000,  ,  ,  16.065 
bubblesort_slow ; 0.026611328125000000, 0.004272460937500000,  ,  ,  16.004 
bubblesort_slow ; 0.022155761718750000, 0.004455566406250000,  ,  ,  15.953 
bubblesort_slow ; 0.022155761718750000, 0.004394531250000000,  ,  ,  15.954 
bubblesort_slow ; 0.023437500000000000, 0.004394531250000000,  ,  ,  16.011 
bubblesort_slow ; 0.025878906250000000, 0.004333496093750000,  ,  ,  15.981 
bubblesort_slow ; 0.022094726562500000, 0.004455566406250000,  ,  ,  15.979 
bubblesort_slow ; 0.022705078125000000, 0.004394531250000000,  ,  ,  16.049 
bubblesort_slow ; 0.026611328125000000, 0.004272460937500000,  ,  ,  16.031 
bubblesort_slow ; 0.022399902343750000, 0.004516601562500000,  ,  ,  15.892 
bubblesort_slow ; 0.022033691406250000, 0.004455566406250000,  ,  ,  16.039 
bubblesort_slow ; 0.024353027343750000, 0.004577636718750000,  ,  ,  16.039 
bubblesort_slow ; 0.025268554687500000, 0.004455566406250000,  ,  ,  16.022 
bubblesort_slow ; 0.022338867187500000, 0.004699707031250000,  ,  ,  16.041 
bubblesort_slow ; 0.022827148437500000, 0.004699707031250000,  ,  ,  15.917 
bubblesort_slow ; 0.024902343750000000, 0.004577636718750000,  ,  ,  16.072 
bubblesort_slow ; 0.025878906250000000, 0.004638671875000000,  ,  ,  15.961 
bubblesort_slow ; 0.059204101562500000, 0.006225585937500000,  ,  ,  45.992 
bubblesort_slow ; 0.043273925781250000, 0.004943847656250000,  ,  ,  36.323 
bubblesort_slow ; 0.045959472656250000, 0.005676269531250000,  ,  ,  36.39 
bubblesort_slow ; 0.046936035156250000, 0.005615234375000000,  ,  ,  36.441 
bubblesort_slow ; 0.028869628906250000, 0.004638671875000000,  ,  ,  16.544 
bubblesort_slow ; 0.022216796875000000, 0.004394531250000000,  ,  ,  16.254 
bubblesort_slow ; 0.022094726562500000, 0.004455566406250000,  ,  ,  15.758 
bubblesort_slow ; 0.023925781250000000, 0.004333496093750000,  ,  ,  16.081 
bubblesort_slow ; 0.025573730468750000, 0.004455566406250000,  ,  ,  16.007 
bubblesort_slow ; 0.022583007812500000, 0.004760742187500000,  ,  ,  16.047 
bubblesort_slow ; 0.023437500000000000, 0.004638671875000000,  ,  ,  16.103 
bubblesort_slow ; 0.023742675781250000, 0.004699707031250000,  ,  ,  16.037 
bubblesort_slow ; 0.026794433593750000, 0.004638671875000000,  ,  ,  15.814 
bubblesort_slow ; 0.021301269531250000, 0.004760742187500000,  ,  ,  16.069 
bubblesort_slow ; 0.026000976562500000, 0.004516601562500000,  ,  ,  16.081 
bubblesort_slow ; 0.025695800781250000, 0.004272460937500000,  ,  ,  15.861 
bubblesort_slow ; 0.022460937500000000, 0.004577636718750000,  ,  ,  16.117 
bubblesort_slow ; 0.022216796875000000, 0.004455566406250000,  ,  ,  15.891 
bubblesort_slow ; 0.024414062500000000, 0.004333496093750000,  ,  ,  16.042 
bubblesort_slow ; 0.024719238281250000, 0.004272460937500000,  ,  ,  16.084 
bubblesort_slow ; 0.022155761718750000, 0.004455566406250000,  ,  ,  15.934 
bubblesort_slow ; 0.023498535156250000, 0.004699707031250000,  ,  ,  16.019 
bubblesort_slow ; 0.026428222656250000, 0.004577636718750000,  ,  ,  16.032 
bubblesort_slow ; 0.022216796875000000, 0.004394531250000000,  ,  ,  15.903 
bubblesort_slow ; 0.022521972656250000, 0.004821777343750000,  ,  ,  15.955 
bubblesort_slow ; 0.023864746093750000, 0.004638671875000000,  ,  ,  15.992 
bubblesort_slow ; 0.025573730468750000, 0.004699707031250000,  ,  ,  16.095 
bubblesort_slow ; 0.021911621093750000, 0.004333496093750000,  ,  ,  15.88 
bubblesort_slow ; 0.022766113281250000, 0.004577636718750000,  ,  ,  16.005 
bubblesort_slow ; 0.029357910156250000, 0.007141113281250000,  ,  ,  16.437 
bubblesort_slow ; 0.022583007812500000, 0.004638671875000000,  ,  ,  16.334 
bubblesort_slow ; 0.021789550781250000, 0.004760742187500000,  ,  ,  15.992 
bubblesort_slow ; 0.026550292968750000, 0.004638671875000000,  ,  ,  15.399 
bubblesort_slow ; 0.021362304687500000, 0.004760742187500000,  ,  ,  15.379 
bubblesort_slow ; 0.021606445312500000, 0.004760742187500000,  ,  ,  15.609 
bubblesort_slow ; 0.023254394531250000, 0.004760742187500000,  ,  ,  15.674 
bubblesort_slow ; 0.022888183593750000, 0.004516601562500000,  ,  ,  15.622 
bubblesort_slow ; 0.026428222656250000, 0.004760742187500000,  ,  ,  15.957 
bubblesort_slow ; 0.022521972656250000, 0.004699707031250000,  ,  ,  15.802 
bubblesort_slow ; 0.021362304687500000, 0.004699707031250000,  ,  ,  15.774 
bubblesort_slow ; 0.027221679687500000, 0.004516601562500000,  ,  ,  15.849 
bubblesort_slow ; 0.021606445312500000, 0.004699707031250000,  ,  ,  15.522 
bubblesort_slow ; 0.022094726562500000, 0.004760742187500000,  ,  ,  15.547 
bubblesort_slow ; 0.021484375000000000, 0.004699707031250000,  ,  ,  15.335 
bubblesort_slow ; 0.022460937500000000, 0.004821777343750000,  ,  ,  15.337 
bubblesort_slow ; 0.024780273437500000, 0.004699707031250000,  ,  ,  15.936 
bubblesort_slow ; 0.022277832031250000, 0.004699707031250000,  ,  ,  16.397 
bubblesort_slow ; 0.022949218750000000, 0.004699707031250000,  ,  ,  16.003 
bubblesort_slow ; 0.027038574218750000, 0.004638671875000000,  ,  ,  16.045 
bubblesort_slow ; 0.022399902343750000, 0.004516601562500000,  ,  ,  15.913 
bubblesort_slow ; 0.022338867187500000, 0.004394531250000000,  ,  ,  16.119 
bubblesort_slow ; 0.023803710937500000, 0.004455566406250000,  ,  ,  15.959 
bubblesort_slow ; 0.025695800781250000, 0.004516601562500000,  ,  ,  15.807 
bubblesort_slow ; 0.019836425781250000, 0.004577636718750000,  ,  ,  15.522 
bubblesort_slow ; 0.024902343750000000, 0.004516601562500000,  ,  ,  15.599 
bubblesort_slow ; 0.026733398437500000, 0.004638671875000000,  ,  ,  15.664 
bubblesort_slow ; 0.018798828125000000, 0.004821777343750000,  ,  ,  15.773 
bubblesort_slow ; 0.025390625000000000, 0.004638671875000000,  ,  ,  15.789 
bubblesort_slow ; 0.022644042968750000, 0.004882812500000000,  ,  ,  15.762 
bubblesort_slow ; 0.027709960937500000, 0.004638671875000000,  ,  ,  15.798 
bubblesort_slow ; 0.021240234375000000, 0.004882812500000000,  ,  ,  15.753 
bubblesort_slow ; 0.021301269531250000, 0.005004882812500000,  ,  ,  15.854 
bubblesort_slow ; 0.020935058593750000, 0.004516601562500000,  ,  ,  15.613 
bubblesort_slow ; 0.026184082031250000, 0.004699707031250000,  ,  ,  15.494 
bubblesort_slow ; 0.021545410156250000, 0.004699707031250000,  ,  ,  15.473 
bubblesort_slow ; 0.021362304687500000, 0.004882812500000000,  ,  ,  15.519 
bubblesort_slow ; 0.021484375000000000, 0.004882812500000000,  ,  ,  15.651 
bubblesort_slow ; 0.024414062500000000, 0.004577636718750000,  ,  ,  15.817 
bubblesort_slow ; 0.025329589843750000, 0.004577636718750000,  ,  ,  15.78 
bubblesort_slow ; 0.021179199218750000, 0.004760742187500000,  ,  ,  15.686 
bubblesort_slow ; 0.021057128906250000, 0.004821777343750000,  ,  ,  15.913 
bubblesort_slow ; 0.028320312500000000, 0.004638671875000000,  ,  ,  15.642 
bubblesort_slow ; 0.026977539062500000, 0.004638671875000000,  ,  ,  15.817 
bubblesort_slow ; 0.026794433593750000, 0.004821777343750000,  ,  ,  15.672 
bubblesort_slow ; 0.026306152343750000, 0.004516601562500000,  ,  ,  15.226 
bubblesort_slow ; 0.028320312500000000, 0.004577636718750000,  ,  ,  15.47 
bubblesort_slow ; 0.032470703125000000, 0.004882812500000000,  ,  ,  16.154 
bubblesort_slow ; 0.026611328125000000, 0.004699707031250000,  ,  ,  16.317 
bubblesort_slow ; 0.030334472656250000, 0.004821777343750000,  ,  ,  16.015 
bubblesort_slow ; 0.022277832031250000, 0.004882812500000000,  ,  ,  15.469 
bubblesort_slow ; 0.021240234375000000, 0.004821777343750000,  ,  ,  15.469 
bubblesort_slow ; 0.021118164062500000, 0.004760742187500000,  ,  ,  15.684 
bubblesort_slow ; 0.023315429687500000, 0.004638671875000000,  ,  ,  15.674 
bubblesort_slow ; 0.026611328125000000, 0.004516601562500000,  ,  ,  15.734 
bubblesort_slow ; 0.021545410156250000, 0.004943847656250000,  ,  ,  15.672 
bubblesort_slow ; 0.020996093750000000, 0.004638671875000000,  ,  ,  15.811 
bubblesort_slow ; 0.027465820312500000, 0.005004882812500000,  ,  ,  15.823 
bubblesort_slow ; 0.022644042968750000, 0.004821777343750000,  ,  ,  16.043 
bubblesort_slow ; 0.022644042968750000, 0.004760742187500000,  ,  ,  16.15 
bubblesort_slow ; 0.022094726562500000, 0.004516601562500000,  ,  ,  15.788 
bubblesort_slow ; 0.030334472656250000, 0.005371093750000000,  ,  ,  16.245 
bubblesort_slow ; 0.024230957031250000, 0.006713867187500000,  ,  ,  16.523 
bubblesort_slow ; 0.022338867187500000, 0.004882812500000000,  ,  ,  15.795 
bubblesort_slow ; 0.022888183593750000, 0.004577636718750000,  ,  ,  15.671 
bubblesort_slow ; 0.026428222656250000, 0.004821777343750000,  ,  ,  15.863 
bubblesort_slow ; 0.022399902343750000, 0.004516601562500000,  ,  ,  15.793 
bubblesort_slow ; 0.023254394531250000, 0.004882812500000000,  ,  ,  15.756 
bubblesort_slow ; 0.027587890625000000, 0.004577636718750000,  ,  ,  15.932 
bubblesort_slow ; 0.021118164062500000, 0.004699707031250000,  ,  ,  15.83 
bubblesort_slow ; 0.021423339843750000, 0.004882812500000000,  ,  ,  15.848 
bubblesort_slow ; 0.022277832031250000, 0.004821777343750000,  ,  ,  15.653 
bubblesort_slow ; 0.028503417968750000, 0.005187988281250000,  ,  ,  15.725 
bubblesort_slow ; 0.020812988281250000, 0.004577636718750000,  ,  ,  15.445 
bubblesort_slow ; 0.022705078125000000, 0.004699707031250000,  ,  ,  15.43 
bubblesort_slow ; 0.021362304687500000, 0.004699707031250000,  ,  ,  15.728 
bubblesort_slow ; 0.025634765625000000, 0.004455566406250000,  ,  ,  15.737 
bubblesort_slow ; 0.022583007812500000, 0.004821777343750000,  ,  ,  15.738 
bubblesort_slow ; 0.022521972656250000, 0.004760742187500000,  ,  ,  15.704 
bubblesort_slow ; 0.020690917968750000, 0.004455566406250000,  ,  ,  15.535 
bubblesort_slow ; 0.026916503906250000, 0.004272460937500000,  ,  ,  16.066 
bubblesort_slow ; 0.023254394531250000, 0.004882812500000000,  ,  ,  16.107 
bubblesort_slow ; 0.021667480468750000, 0.004760742187500000,  ,  ,  15.824 
bubblesort_slow ; 0.027526855468750000, 0.004821777343750000,  ,  ,  15.8 
bubblesort_slow ; 0.022827148437500000, 0.004699707031250000,  ,  ,  15.86 
bubblesort_slow ; 0.022277832031250000, 0.004943847656250000,  ,  ,  15.85 
bubblesort_slow ; 0.023010253906250000, 0.005126953125000000,  ,  ,  15.872 
bubblesort_slow ; 0.023498535156250000, 0.004638671875000000,  ,  ,  15.923 
bubblesort_slow ; 0.024719238281250000, 0.004821777343750000,  ,  ,  15.983 
bubblesort_slow ; 0.021179199218750000, 0.004699707031250000,  ,  ,  15.59 
bubblesort_slow ; 0.021850585937500000, 0.004516601562500000,  ,  ,  15.634 
bubblesort_slow ; 0.027282714843750000, 0.004943847656250000,  ,  ,  15.577 
bubblesort_slow ; 0.022521972656250000, 0.004821777343750000,  ,  ,  15.631 
bubblesort_slow ; 0.020996093750000000, 0.004394531250000000,  ,  ,  15.552 
bubblesort_slow ; 0.021057128906250000, 0.004577636718750000,  ,  ,  15.686 
bubblesort_slow ; 0.027832031250000000, 0.004760742187500000,  ,  ,  15.711 
bubblesort_slow ; 0.022766113281250000, 0.004943847656250000,  ,  ,  15.874 
bubblesort_slow ; 0.022460937500000000, 0.004577636718750000,  ,  ,  15.914 
bubblesort_slow ; 0.021972656250000000, 0.004699707031250000,  ,  ,  15.78 
bubblesort_slow ; 0.025390625000000000, 0.004760742187500000,  ,  ,  15.7 
bubblesort_slow ; 0.022949218750000000, 0.004516601562500000,  ,  ,  15.632 
bubblesort_slow ; 0.020874023437500000, 0.004272460937500000,  ,  ,  16.199 
bubblesort_slow ; 0.029052734375000000, 0.004150390625000000,  ,  ,  15.913 
bubblesort_slow ; 0.018676757812500000, 0.004333496093750000,  ,  ,  15.416 
bubblesort_slow ; 0.024963378906250000, 0.004638671875000000,  ,  ,  15.228 
bubblesort_slow ; 0.021484375000000000, 0.004516601562500000,  ,  ,  15.264 
bubblesort_slow ; 0.020812988281250000, 0.004516601562500000,  ,  ,  15.441 
bubblesort_slow ; 0.027404785156250000, 0.004272460937500000,  ,  ,  15.405 
bubblesort_slow ; 0.020812988281250000, 0.004516601562500000,  ,  ,  15.42 
bubblesort_slow ; 0.022338867187500000, 0.004699707031250000,  ,  ,  15.526 
bubblesort_slow ; 0.020874023437500000, 0.004577636718750000,  ,  ,  15.554 
bubblesort_slow ; 0.026977539062500000, 0.004577636718750000,  ,  ,  15.222 
bubblesort_slow ; 0.021179199218750000, 0.004638671875000000,  ,  ,  15.331 
bubblesort_slow ; 0.022155761718750000, 0.004882812500000000,  ,  ,  15.393 
bubblesort_slow ; 0.023132324218750000, 0.004577636718750000,  ,  ,  15.292 
bubblesort_slow ; 0.027099609375000000, 0.005004882812500000,  ,  ,  15.728 
bubblesort_slow ; 0.022827148437500000, 0.004638671875000000,  ,  ,  15.991 
bubblesort_slow ; 0.023620605468750000, 0.004516601562500000,  ,  ,  16.522 
bubblesort_slow ; 0.022033691406250000, 0.004577636718750000,  ,  ,  16.67 
bubblesort_slow ; 0.022338867187500000, 0.004638671875000000,  ,  ,  15.975 
bubblesort_slow ; 0.025207519531250000, 0.004882812500000000,  ,  ,  15.721 
bubblesort_slow ; 0.022644042968750000, 0.004638671875000000,  ,  ,  15.798 
bubblesort_upd ; 0.661560058593750000, 0.539123535156250000,  ,  ,  93.927 
bubblesort_upd ; 1.049621582031250000, 0.936645507812500000,  ,  ,  82.379 
bubblesort_upd ; 1.342773437500000000, 1.211486816406250000,  ,  ,  82.364 
bubblesort_upd ; 1.326354980468750000, 1.212585449218750000,  ,  ,  82.402 
bubblesort_upd ; 1.374877929687500000, 1.247253417968750000,  ,  ,  82.814 
bubblesort_upd ; 1.332214355468750000, 1.218872070312500000,  ,  ,  82.423 
bubblesort_upd ; 1.345703125000000000, 1.213562011718750000,  ,  ,  82.441 
bubblesort_upd ; 2.062561035156250000, 1.847167968750000000,  ,  ,  162.806 
bubblesort_upd ; 2.282897949218750000, 2.021240234375000000,  ,  ,  182.494 
bubblesort_upd ; 2.084411621093750000, 1.864440917968750000,  ,  ,  162.442 
bubblesort_upd ; 2.355651855468750000, 2.074401855468750000,  ,  ,  193.14 
bubblesort_upd ; 2.208312988281250000, 1.942016601562500000,  ,  ,  172.385 
bubblesort_upd ; 2.372436523437500000, 2.106933593750000000,  ,  ,  193.571 
bubblesort_upd ; 3.873168945312500000, 3.390869140625000000,  ,  ,  362.474 
bubblesort_upd ; 3.812866210937500000, 3.332519531250000000,  ,  ,  352.938 
bubblesort_upd ; 1.330139160156250000, 1.217224121093750000,  ,  ,  82.392 
bubblesort_upd ; 3.076416015625000000, 2.693481445312500000,  ,  ,  272.468 
bubblesort_upd ; 1.364379882812500000, 1.251342773437500000,  ,  ,  82.568 
bubblesort_upd ; 3.193664550781250000, 2.805236816406250000,  ,  ,  282.881 
bubblesort_upd ; 1.359497070312500000, 1.228881835937500000,  ,  ,  82.515 
bubblesort_upd ; 3.173217773437500000, 2.799377441406250000,  ,  ,  282.529 
bubblesort_upd ; 1.352294921875000000, 1.220031738281250000,  ,  ,  82.442 
bubblesort_upd ; 3.146850585937500000, 2.769714355468750000,  ,  ,  282.498 
bubblesort_upd ; 1.373474121093750000, 1.243347167968750000,  ,  ,  82.571 
bubblesort_upd ; 1.658020019531250000, 1.490722656250000000,  ,  ,  113.75 
bubblesort_upd ; 3.831420898437500000, 3.324401855468750000,  ,  ,  353.681 
bubblesort_upd ; 3.813903808593750000, 3.333923339843750000,  ,  ,  352.549 
bubblesort_upd ; 1.432006835937500000, 1.303955078125000000,  ,  ,  92.362 
bubblesort_upd ; 1.638610839843750000, 1.468872070312500000,  ,  ,  112.511 
bubblesort_upd ; 3.791076660156250000, 3.320861816406250000,  ,  ,  352.454 
bubblesort_upd ; 1.365600585937500000, 1.235046386718750000,  ,  ,  82.496 
bubblesort_upd ; 1.442321777343750000, 1.315612792968750000,  ,  ,  92.479 
bubblesort_upd ; 3.906799316406250000, 3.405212402343750000,  ,  ,  362.504 
bubblesort_upd ; 1.337280273437500000, 1.226684570312500000,  ,  ,  82.66 
bubblesort_upd ; 1.642150878906250000, 1.472290039062500000,  ,  ,  112.501 
bubblesort_upd ; 2.191040039062500000, 1.959106445312500000,  ,  ,  172.489 
bubblesort_upd ; 3.901916503906250000, 3.403137207031250000,  ,  ,  362.478 
bubblesort_upd ; 2.277282714843750000, 2.032531738281250000,  ,  ,  182.436 
bubblesort_upd ; 3.815734863281250000, 3.333251953125000000,  ,  ,  352.811 
bubblesort_upd ; 1.365844726562500000, 1.252685546875000000,  ,  ,  82.521 
bubblesort_upd ; 1.623779296875000000, 1.463012695312500000,  ,  ,  112.551 
bubblesort_upd ; 2.205627441406250000, 1.931762695312500000,  ,  ,  172.568 
bubblesort_upd ; 3.894592285156250000, 3.414245605468750000,  ,  ,  362.575 
bubblesort_upd ; 1.389526367187500000, 1.257812500000000000,  ,  ,  82.518 
bubblesort_upd ; 1.526367187500000000, 1.385620117187500000,  ,  ,  102.437 
bubblesort_upd ; 3.892089843750000000, 3.392150878906250000,  ,  ,  362.54 
bubblesort_upd ; 1.361328125000000000, 1.248718261718750000,  ,  ,  82.532 
bubblesort_upd ; 1.559509277343750000, 1.395996093750000000,  ,  ,  102.534 
bubblesort_upd ; 3.927551269531250000, 3.418457031250000000,  ,  ,  362.578 
bubblesort_upd ; 3.821044921875000000, 3.328186035156250000,  ,  ,  353.262 
bubblesort_upd ; 1.344970703125000000, 1.232238769531250000,  ,  ,  82.508 
bubblesort_upd ; 3.185180664062500000, 2.788513183593750000,  ,  ,  282.497 
bubblesort_upd ; 1.347595214843750000, 1.233947753906250000,  ,  ,  82.422 
bubblesort_upd ; 1.561950683593750000, 1.405822753906250000,  ,  ,  102.618 
bubblesort_upd ; 3.892944335937500000, 3.406372070312500000,  ,  ,  363.808 
bubblesort_upd ; 1.345275878906250000, 1.229553222656250000,  ,  ,  82.408 
bubblesort_upd ; 3.070739746093750000, 2.707275390625000000,  ,  ,  272.504 
bubblesort_upd ; 2.299072265625000000, 2.035278320312500000,  ,  ,  182.468 
bubblesort_upd ; 1.569030761718750000, 1.429992675781250000,  ,  ,  102.542 
bubblesort_upd ; 1.541687011718750000, 1.383911132812500000,  ,  ,  102.491 
bubblesort_upd ; 3.740844726562500000, 3.285217285156250000,  ,  ,  342.536 
bubblesort_upd ; 3.822448730468750000, 3.335998535156250000,  ,  ,  352.54 
bubblesort_upd ; 1.385620117187500000, 1.255493164062500000,  ,  ,  82.638 
bubblesort_upd ; 3.198913574218750000, 2.822998046875000000,  ,  ,  282.459 
bubblesort_upd ; 1.364257812500000000, 1.231689453125000000,  ,  ,  82.573 
bubblesort_upd ; 3.198486328125000000, 2.822387695312500000,  ,  ,  282.442 
bubblesort_upd ; 1.365600585937500000, 1.232971191406250000,  ,  ,  82.466 
bubblesort_upd ; 3.167175292968750000, 2.791015625000000000,  ,  ,  282.635 
bubblesort_upd ; 2.279357910156250000, 2.017944335937500000,  ,  ,  182.618 
bubblesort_upd ; 1.346679687500000000, 1.232666015625000000,  ,  ,  82.519 
bubblesort_upd ; 1.555725097656250000, 1.397399902343750000,  ,  ,  102.496 
bubblesort_upd ; 3.938537597656250000, 3.456787109375000000,  ,  ,  362.628 
bubblesort_upd ; 2.193664550781250000, 1.944030761718750000,  ,  ,  172.554 
bubblesort_upd ; 2.370910644531250000, 2.099914550781250000,  ,  ,  192.926 
bubblesort_upd ; 2.179626464843750000, 1.947448730468750000,  ,  ,  172.459 
bubblesort_upd ; 2.386413574218750000, 2.098266601562500000,  ,  ,  193.251 
bubblesort_upd ; 2.204162597656250000, 1.942993164062500000,  ,  ,  172.495 
bubblesort_upd ; 2.289916992187500000, 2.023437500000000000,  ,  ,  182.403 
bubblesort_upd ; 2.287597656250000000, 2.042602539062500000,  ,  ,  182.498 
bubblesort_upd ; 3.925476074218750000, 3.421997070312500000,  ,  ,  362.437 
bubblesort_upd ; 1.347290039062500000, 1.233154296875000000,  ,  ,  82.456 
bubblesort_upd ; 1.552185058593750000, 1.394836425781250000,  ,  ,  102.543 
bubblesort_upd ; 5.457275390625000000, 4.747985839843750000,  ,  ,  532.54 
bubblesort_upd ; 1.366149902343750000, 1.238891601562500000,  ,  ,  82.842 
bubblesort_upd ; 1.551452636718750000, 1.402160644531250000,  ,  ,  103.03 
bubblesort_upd ; 3.944396972656250000, 3.445861816406250000,  ,  ,  362.595 
bubblesort_upd ; 1.341979980468750000, 1.228881835937500000,  ,  ,  82.528 
bubblesort_upd ; 3.206542968750000000, 2.820068359375000000,  ,  ,  283.321 
bubblesort_upd ; 1.366882324218750000, 1.238830566406250000,  ,  ,  83.684 
bubblesort_upd ; 3.105529785156250000, 2.728393554687500000,  ,  ,  272.596 
bubblesort_upd ; 1.344604492187500000, 1.231201171875000000,  ,  ,  82.465 
bubblesort_upd ; 3.200439453125000000, 2.804077148437500000,  ,  ,  282.571 
bubblesort_upd ; 2.376892089843750000, 2.117675781250000000,  ,  ,  192.478 
bubblesort_upd ; 1.367492675781250000, 1.236450195312500000,  ,  ,  82.582 
bubblesort_upd ; 4.722229003906250000, 4.122863769531250000,  ,  ,  452.594 
bubblesort_upd ; 1.400268554687500000, 1.269470214843750000,  ,  ,  82.564 
bubblesort_upd ; 3.219970703125000000, 2.826293945312500000,  ,  ,  283.75 
bubblesort_upd ; 1.354858398437500000, 1.242309570312500000,  ,  ,  82.558 
bubblesort_upd ; 3.109680175781250000, 2.727600097656250000,  ,  ,  272.631 
bubblesort_upd ; 1.355102539062500000, 1.242553710937500000,  ,  ,  82.497 
bubblesort_upd ; 1.561950683593750000, 1.401550292968750000,  ,  ,  102.519 
bubblesort_upd ; 3.941467285156250000, 3.459533691406250000,  ,  ,  362.616 
bubblesort_upd ; 1.349365234375000000, 1.235900878906250000,  ,  ,  82.482 
bubblesort_upd ; 1.555358886718750000, 1.399047851562500000,  ,  ,  102.591 
bubblesort_upd ; 3.948425292968750000, 3.463623046875000000,  ,  ,  362.588 
bubblesort_upd ; 3.834838867187500000, 3.347229003906250000,  ,  ,  352.662 
bubblesort_upd ; 1.351379394531250000, 1.238525390625000000,  ,  ,  82.56 
bubblesort_upd ; 1.596740722656250000, 1.430786132812500000,  ,  ,  103.226 
bubblesort_upd ; 2.365783691406250000, 2.105895996093750000,  ,  ,  192.457 
bubblesort_upd ; 2.228820800781250000, 1.977111816406250000,  ,  ,  172.462 
bubblesort_upd ; 2.279235839843750000, 2.027404785156250000,  ,  ,  183.512 
bubblesort_upd ; 3.924255371093750000, 3.433410644531250000,  ,  ,  362.964 
bubblesort_upd ; 1.370544433593750000, 1.239379882812500000,  ,  ,  82.486 
bubblesort_upd ; 1.539855957031250000, 1.392089843750000000,  ,  ,  103.28 
bubblesort_upd ; 2.270141601562500000, 2.026245117187500000,  ,  ,  182.462 
bubblesort_upd ; 5.486389160156250000, 4.759887695312500000,  ,  ,  532.558 
bubblesort_upd ; 1.350280761718750000, 1.237548828125000000,  ,  ,  82.446 
bubblesort_upd ; 1.559753417968750000, 1.401428222656250000,  ,  ,  102.537 
bubblesort_upd ; 2.272155761718750000, 2.026184082031250000,  ,  ,  182.458 
bubblesort_upd ; 2.291809082031250000, 2.026062011718750000,  ,  ,  182.477 
bubblesort_upd ; 2.285339355468750000, 2.027282714843750000,  ,  ,  182.809 
bubblesort_upd ; 2.274597167968750000, 2.028503417968750000,  ,  ,  182.473 
bubblesort_upd ; 2.312805175781250000, 2.048950195312500000,  ,  ,  182.469 
bubblesort_upd ; 2.195495605468750000, 1.958557128906250000,  ,  ,  172.35 
bubblesort_upd ; 3.918640136718750000, 3.434631347656250000,  ,  ,  362.494 
bubblesort_upd ; 1.372680664062500000, 1.242248535156250000,  ,  ,  82.583 
bubblesort_upd ; 3.213684082031250000, 2.834655761718750000,  ,  ,  282.464 
bubblesort_upd ; 3.950683593750000000, 3.447387695312500000,  ,  ,  363.498 
bubblesort_upd ; 1.361633300781250000, 1.246887207031250000,  ,  ,  82.457 
bubblesort_upd ; 1.555297851562500000, 1.401733398437500000,  ,  ,  102.852 
bubblesort_upd ; 3.908996582031250000, 3.386352539062500000,  ,  ,  352.459 
bubblesort_upd ; 1.379821777343750000, 1.264648437500000000,  ,  ,  82.505 
bubblesort_upd ; 1.555358886718750000, 1.396606445312500000,  ,  ,  102.489 
bubblesort_upd ; 2.183044433593750000, 1.947753906250000000,  ,  ,  172.464 
bubblesort_upd ; 2.381958007812500000, 2.104919433593750000,  ,  ,  192.553 
bubblesort_upd ; 2.210693359375000000, 1.974975585937500000,  ,  ,  172.497 
bubblesort_upd ; 3.977416992187500000, 3.439636230468750000,  ,  ,  362.534 
bubblesort_upd ; 1.349914550781250000, 1.235351562500000000,  ,  ,  82.526 
bubblesort_upd ; 1.647094726562500000, 1.480895996093750000,  ,  ,  112.912 
bubblesort_upd ; 3.851867675781250000, 3.361572265625000000,  ,  ,  352.485 
bubblesort_upd ; 3.856445312500000000, 3.354003906250000000,  ,  ,  353.372 
bubblesort_upd ; 1.373168945312500000, 1.240112304687500000,  ,  ,  82.615 
bubblesort_upd ; 1.646972656250000000, 1.484741210937500000,  ,  ,  112.594 
bubblesort_upd ; 2.217224121093750000, 1.954223632812500000,  ,  ,  172.552 
bubblesort_upd ; 3.944885253906250000, 3.432434082031250000,  ,  ,  362.543 
bubblesort_upd ; 1.374511718750000000, 1.236145019531250000,  ,  ,  82.448 
bubblesort_upd ; 3.225097656250000000, 2.812683105468750000,  ,  ,  282.917 
bubblesort_upd ; 2.229309082031250000, 1.984130859375000000,  ,  ,  172.59 
bubblesort_upd ; 1.371704101562500000, 1.235168457031250000,  ,  ,  82.501 
bubblesort_upd ; 1.635925292968750000, 1.473022460937500000,  ,  ,  112.493 
bubblesort_upd ; 3.983154296875000000, 3.460510253906250000,  ,  ,  362.941 
bubblesort_upd ; 3.851623535156250000, 3.311462402343750000,  ,  ,  343.301 
bubblesort_upd ; 1.385620117187500000, 1.267578125000000000,  ,  ,  82.595 
bubblesort_upd ; 3.228515625000000000, 2.809997558593750000,  ,  ,  282.487 
bubblesort_upd ; 1.354431152343750000, 1.237731933593750000,  ,  ,  82.594 
bubblesort_upd ; 3.232482910156250000, 2.815063476562500000,  ,  ,  282.565 
bubblesort_upd ; 1.359619140625000000, 1.237609863281250000,  ,  ,  82.465 
bubblesort_upd ; 1.673828125000000000, 1.494018554687500000,  ,  ,  112.52 
bubblesort_upd ; 3.850585937500000000, 3.353881835937500000,  ,  ,  352.533 
bubblesort_upd ; 3.967590332031250000, 3.438476562500000000,  ,  ,  362.493 
bubblesort_upd ; 1.382263183593750000, 1.262878417968750000,  ,  ,  82.491 
bubblesort_upd ; 3.152038574218750000, 2.748291015625000000,  ,  ,  272.501 
bubblesort_upd ; 1.361694335937500000, 1.240783691406250000,  ,  ,  82.483 
bubblesort_upd ; 3.230529785156250000, 2.816040039062500000,  ,  ,  282.89 
bubblesort_upd ; 1.371520996093750000, 1.237365722656250000,  ,  ,  82.58 
bubblesort_upd ; 3.215454101562500000, 2.814392089843750000,  ,  ,  282.505 
bubblesort_upd ; 1.384887695312500000, 1.246459960937500000,  ,  ,  82.525 
bubblesort_upd ; 1.648986816406250000, 1.487609863281250000,  ,  ,  112.591 
bubblesort_upd ; 3.881042480468750000, 3.367797851562500000,  ,  ,  352.875 
bubblesort_upd ; 3.975341796875000000, 3.446411132812500000,  ,  ,  363.8 
bubblesort_upd ; 1.383117675781250000, 1.249267578125000000,  ,  ,  82.461 
bubblesort_upd ; 1.367675781250000000, 1.248962402343750000,  ,  ,  82.557 
bubblesort_upd ; 2.544677734375000000, 2.237487792968750000,  ,  ,  202.503 
bubblesort_upd ; 3.861694335937500000, 3.366516113281250000,  ,  ,  352.582 
bubblesort_upd ; 1.378906250000000000, 1.240356445312500000,  ,  ,  82.516 
bubblesort_upd ; 1.577697753906250000, 1.431335449218750000,  ,  ,  102.598 
bubblesort_upd ; 3.996398925781250000, 3.464721679687500000,  ,  ,  363.782 
bubblesort_upd ; 1.395446777343750000, 1.260375976562500000,  ,  ,  82.456 
bubblesort_upd ; 1.562561035156250000, 1.403930664062500000,  ,  ,  102.976 
bubblesort_upd ; 3.892333984375000000, 3.396911621093750000,  ,  ,  352.635 
bubblesort_upd ; 1.401733398437500000, 1.265075683593750000,  ,  ,  82.639 
bubblesort_upd ; 3.233032226562500000, 2.824645996093750000,  ,  ,  283.28 
bubblesort_upd ; 3.972290039062500000, 3.447570800781250000,  ,  ,  362.656 
bubblesort_upd ; 1.356933593750000000, 1.240173339843750000,  ,  ,  82.584 
bubblesort_upd ; 3.240722656250000000, 2.816467285156250000,  ,  ,  283.305 
bubblesort_upd ; 1.359252929687500000, 1.240722656250000000,  ,  ,  82.493 
bubblesort_upd ; 3.264099121093750000, 2.845642089843750000,  ,  ,  283.832 
bubblesort_upd ; 1.380615234375000000, 1.247375488281250000,  ,  ,  82.663 
bubblesort_upd ; 3.160095214843750000, 2.770141601562500000,  ,  ,  273.673 
bubblesort_upd ; 1.379333496093750000, 1.246948242187500000,  ,  ,  82.411 
bubblesort_upd ; 3.234802246093750000, 2.835693359375000000,  ,  ,  282.663 
bubblesort_upd ; 1.371887207031250000, 1.234252929687500000,  ,  ,  82.516 
bubblesort_upd ; 1.552734375000000000, 1.402343750000000000,  ,  ,  102.518 
bubblesort_upd ; 4.052795410156250000, 3.478088378906250000,  ,  ,  363.09 
bubblesort_upd ; 1.364562988281250000, 1.245056152343750000,  ,  ,  82.467 
bubblesort_upd ; 3.237121582031250000, 2.819824218750000000,  ,  ,  282.629 
bubblesort_upd ; 3.906799316406250000, 3.409606933593750000,  ,  ,  352.566 
bubblesort_upd ; 1.375976562500000000, 1.238830566406250000,  ,  ,  82.61 
bubblesort_upd ; 3.228759765625000000, 2.816589355468750000,  ,  ,  282.893 
bubblesort_upd ; 1.383361816406250000, 1.264892578125000000,  ,  ,  82.524 
bubblesort_upd ; 3.246582031250000000, 2.823608398437500000,  ,  ,  283.414 
bubblesort_upd ; 1.390197753906250000, 1.273559570312500000,  ,  ,  82.609 
bubblesort_upd ; 1.574951171875000000, 1.407592773437500000,  ,  ,  102.518 
bubblesort_upd ; 3.969909667968750000, 3.456848144531250000,  ,  ,  362.486 
bubblesort_upd ; 1.390014648437500000, 1.245056152343750000,  ,  ,  83.25 
bubblesort_upd ; 1.462158203125000000, 1.326660156250000000,  ,  ,  92.499 
bubblesort_upd ; 4.013854980468750000, 3.482971191406250000,  ,  ,  362.469 
bubblesort_upd ; 3.960998535156250000, 3.437255859375000000,  ,  ,  363.077 
bubblesort_upd ; 1.356262207031250000, 1.238891601562500000,  ,  ,  82.617 
bubblesort_upd ; 3.246643066406250000, 2.826904296875000000,  ,  ,  282.57 
bubblesort_upd ; 1.364196777343750000, 1.243835449218750000,  ,  ,  82.619 
bubblesort_upd ; 3.253784179687500000, 2.828186035156250000,  ,  ,  283.308 
bubblesort_upd ; 1.406616210937500000, 1.275634765625000000,  ,  ,  82.896 
bubblesort_upd ; 1.455688476562500000, 1.321228027343750000,  ,  ,  92.469 
bubblesort_upd ; 3.984130859375000000, 3.453552246093750000,  ,  ,  362.631 
bubblesort_upd ; 2.389770507812500000, 2.116027832031250000,  ,  ,  192.516 
bubblesort_upd ; 1.387268066406250000, 1.250549316406250000,  ,  ,  82.631 
bubblesort_upd ; 3.255249023437500000, 2.853881835937500000,  ,  ,  282.557 
bubblesort_upd ; 2.225097656250000000, 1.962768554687500000,  ,  ,  172.634 
bubblesort_upd ; 2.329772949218750000, 2.060180664062500000,  ,  ,  183.343 
bubblesort_upd ; 3.915832519531250000, 3.404724121093750000,  ,  ,  352.569 
bubblesort_upd ; 1.403259277343750000, 1.265625000000000000,  ,  ,  82.555 
bubblesort_upd ; 3.227539062500000000, 2.828063964843750000,  ,  ,  282.591 
bubblesort_upd ; 1.380737304687500000, 1.249694824218750000,  ,  ,  82.997 
bubblesort_upd ; 1.662841796875000000, 1.488769531250000000,  ,  ,  112.903 
bubblesort_upd ; 3.977416992187500000, 3.455139160156250000,  ,  ,  363.337 
bubblesort_upd ; 3.896545410156250000, 3.383605957031250000,  ,  ,  353.815 
bubblesort_upd ; 1.373474121093750000, 1.241516113281250000,  ,  ,  82.586 
bubblesort_upd ; 1.363525390625000000, 1.243835449218750000,  ,  ,  82.583 
bubblesort_upd ; 2.505249023437500000, 2.204589843750000000,  ,  ,  202.895 
bubblesort_upd ; 3.916320800781250000, 3.398620605468750000,  ,  ,  353.664 
bubblesort_upd ; 1.362854003906250000, 1.244567871093750000,  ,  ,  82.551 
bubblesort_upd ; 1.685058593750000000, 1.495849609375000000,  ,  ,  113.025 
bubblesort_upd ; 2.241333007812500000, 1.995910644531250000,  ,  ,  172.612 
bubblesort_upd ; 3.985229492187500000, 3.454650878906250000,  ,  ,  362.529 
bubblesort_upd ; 1.353759765625000000, 1.235595703125000000,  ,  ,  82.533 
bubblesort_upd ; 1.490417480468750000, 1.343261718750000000,  ,  ,  92.813 
bubblesort_upd ; 4.028320312500000000, 3.466430664062500000,  ,  ,  362.525 
bubblesort_upd ; 1.362792968750000000, 1.237243652343750000,  ,  ,  82.456 
bubblesort_upd ; 1.666931152343750000, 1.492858886718750000,  ,  ,  112.989 
bubblesort_upd ; 3.938781738281250000, 3.422241210937500000,  ,  ,  352.538 
bubblesort_upd ; 3.889343261718750000, 3.388488769531250000,  ,  ,  353.8 
bubblesort_upd ; 1.418945312500000000, 1.269653320312500000,  ,  ,  82.558 
bubblesort_upd ; 1.688049316406250000, 1.491577148437500000,  ,  ,  112.636 
bubblesort_upd ; 3.977661132812500000, 3.465515136718750000,  ,  ,  362.586 
bubblesort_upd ; 1.410095214843750000, 1.273498535156250000,  ,  ,  82.576 
bubblesort_upd ; 3.281738281250000000, 2.872619628906250000,  ,  ,  283.369 
bubblesort_upd ; 1.377807617187500000, 1.242614746093750000,  ,  ,  82.493 
bubblesort_upd ; 3.132507324218750000, 2.745178222656250000,  ,  ,  272.458 
bubblesort_upd ; 2.318786621093750000, 2.040588378906250000,  ,  ,  182.628 
bubblesort_upd ; 1.586059570312500000, 1.434387207031250000,  ,  ,  103.657 
bubblesort_upd ; 4.663330078125000000, 4.037780761718750000,  ,  ,  433.81 
bubblesort_upd ; 1.535461425781250000, 1.374267578125000000,  ,  ,  102.567 
bubblesort_upd ; 3.168334960937500000, 2.782897949218750000,  ,  ,  272.663 
bubblesort_upd ; 1.380981445312500000, 1.245422363281250000,  ,  ,  82.635 
bubblesort_upd ; 3.250366210937500000, 2.832763671875000000,  ,  ,  282.718 
bubblesort_upd ; 1.369140625000000000, 1.248962402343750000,  ,  ,  82.545 
bubblesort_upd ; 1.575561523437500000, 1.414733886718750000,  ,  ,  102.936 
bubblesort_upd ; 2.325134277343750000, 2.052673339843750000,  ,  ,  182.786 
bubblesort_upd ; 3.901428222656250000, 3.383361816406250000,  ,  ,  352.517 
bubblesort_upd ; 1.360473632812500000, 1.239501953125000000,  ,  ,  82.48 
bubblesort_upd ; 3.243103027343750000, 2.827270507812500000,  ,  ,  282.815 
bubblesort_upd ; 3.989807128906250000, 3.477233886718750000,  ,  ,  362.56 
bubblesort_upd ; 1.379333496093750000, 1.240539550781250000,  ,  ,  82.567 
bubblesort_upd ; 1.550476074218750000, 1.402648925781250000,  ,  ,  102.545 
bubblesort_upd ; 2.321228027343750000, 2.044372558593750000,  ,  ,  182.551 
bubblesort_upd ; 2.321105957031250000, 2.042236328125000000,  ,  ,  182.567 
bubblesort_upd ; 2.298828125000000000, 2.039916992187500000,  ,  ,  182.599 
bubblesort_upd ; 4.022033691406250000, 3.455810546875000000,  ,  ,  362.542 
bubblesort_upd ; 1.364562988281250000, 1.245178222656250000,  ,  ,  82.541 
bubblesort_upd ; 3.249206542968750000, 2.829284667968750000,  ,  ,  282.57 
bubblesort_upd ; 3.999877929687500000, 3.474304199218750000,  ,  ,  363.016 
bubblesort_upd ; 1.365356445312500000, 1.247375488281250000,  ,  ,  82.567 
bubblesort_upd ; 1.385314941406250000, 1.249389648437500000,  ,  ,  82.748 
bubblesort_upd ; 4.109375000000000000, 3.560241699218750000,  ,  ,  373.419 
bubblesort_upd ; 1.364379882812500000, 1.245788574218750000,  ,  ,  82.554 
bubblesort_upd ; 1.481628417968750000, 1.328552246093750000,  ,  ,  92.515 
bubblesort_upd ; 2.434265136718750000, 2.159057617187500000,  ,  ,  192.522 
bubblesort_upd ; 2.227844238281250000, 1.964416503906250000,  ,  ,  172.608 
bubblesort_upd ; 2.313354492187500000, 2.042419433593750000,  ,  ,  183.326 
bubblesort_upd ; 2.312927246093750000, 2.039978027343750000,  ,  ,  182.604 
bubblesort_upd ; 2.320556640625000000, 2.047912597656250000,  ,  ,  182.864 
bubblesort_upd ; 2.307922363281250000, 2.048156738281250000,  ,  ,  182.587 
bubblesort_upd ; 2.225952148437500000, 1.959838867187500000,  ,  ,  172.441 
bubblesort_upd ; 3.979492187500000000, 3.462341308593750000,  ,  ,  363.761 
bubblesort_upd ; 4.075317382812500000, 3.531005859375000000,  ,  ,  373.367 
bubblesort_upd ; 1.363037109375000000, 1.245544433593750000,  ,  ,  82.608 
bubblesort_upd ; 3.152832031250000000, 2.747619628906250000,  ,  ,  272.578 
bubblesort_upd ; 1.364379882812500000, 1.243652343750000000,  ,  ,  82.49 
bubblesort_upd ; 1.578796386718750000, 1.411315917968750000,  ,  ,  102.497 
bubblesort_upd ; 4.004699707031250000, 3.474975585937500000,  ,  ,  363.81 
bubblesort_upd ; 1.382141113281250000, 1.247802734375000000,  ,  ,  83.763 
bubblesort_upd ; 3.256896972656250000, 2.844848632812500000,  ,  ,  283.001 
bubblesort_upd ; 3.882995605468750000, 3.384460449218750000,  ,  ,  352.623 
bubblesort_upd ; 1.388916015625000000, 1.250793457031250000,  ,  ,  82.525 
bubblesort_upd ; 1.379943847656250000, 1.259948730468750000,  ,  ,  82.567 
bubblesort_upd ; 4.179626464843750000, 3.619750976562500000,  ,  ,  382.549 
bubblesort_upd ; 1.363037109375000000, 1.243408203125000000,  ,  ,  82.585 
bubblesort_upd ; 3.320983886718750000, 2.861572265625000000,  ,  ,  283.385 
bubblesort_upd ; 1.366943359375000000, 1.248901367187500000,  ,  ,  82.543 
bubblesort_upd ; 1.583923339843750000, 1.418090820312500000,  ,  ,  102.517 
bubblesort_upd ; 2.327758789062500000, 2.065795898437500000,  ,  ,  182.533 
bubblesort_upd ; 2.318847656250000000, 2.041320800781250000,  ,  ,  182.602 
bubblesort_upd ; 2.304199218750000000, 2.043090820312500000,  ,  ,  182.462 
bubblesort_upd ; 4.029541015625000000, 3.503417968750000000,  ,  ,  362.901 
bubblesort_upd ; 1.424560546875000000, 1.288146972656250000,  ,  ,  82.627 
bubblesort_upd ; 3.132202148437500000, 2.743530273437500000,  ,  ,  272.455 
bubblesort_upd ; 3.992065429687500000, 3.462097167968750000,  ,  ,  362.646 
bubblesort_upd ; 1.404174804687500000, 1.266723632812500000,  ,  ,  82.505 
bubblesort_upd ; 1.555053710937500000, 1.408081054687500000,  ,  ,  102.574 
bubblesort_upd ; 4.019409179687500000, 3.486999511718750000,  ,  ,  363.819 
bubblesort_upd ; 1.382324218750000000, 1.247924804687500000,  ,  ,  82.547 
bubblesort_upd ; 1.556945800781250000, 1.411132812500000000,  ,  ,  102.635 
bubblesort_upd ; 2.324951171875000000, 2.046203613281250000,  ,  ,  183.862 
bubblesort_upd ; 3.896667480468750000, 3.382568359375000000,  ,  ,  352.572 
bubblesort_upd ; 1.379638671875000000, 1.261596679687500000,  ,  ,  82.671 
bubblesort_upd ; 1.673217773437500000, 1.493591308593750000,  ,  ,  112.56 
bubblesort_upd ; 3.983398437500000000, 3.458312988281250000,  ,  ,  362.963 
bubblesort_upd ; 1.364929199218750000, 1.247863769531250000,  ,  ,  82.693 
bubblesort_upd ; 4.831542968750000000, 4.185241699218750000,  ,  ,  453.458 
bubblesort_upd ; 1.379333496093750000, 1.244628906250000000,  ,  ,  82.618 
bubblesort_upd ; 1.589721679687500000, 1.445190429687500000,  ,  ,  102.838 
bubblesort_upd ; 3.934326171875000000, 3.417297363281250000,  ,  ,  352.57 
bubblesort_upd ; 1.385314941406250000, 1.249328613281250000,  ,  ,  82.644 
bubblesort_upd ; 3.276000976562500000, 2.873840332031250000,  ,  ,  282.51 
bubblesort_upd ; 1.389648437500000000, 1.252136230468750000,  ,  ,  82.58 
bubblesort_upd ; 1.558715820312500000, 1.412658691406250000,  ,  ,  102.714 
bubblesort_upd ; 3.904785156250000000, 3.391662597656250000,  ,  ,  352.883 
bubblesort_upd ; 2.411743164062500000, 2.121215820312500000,  ,  ,  192.648 
bubblesort_upd ; 1.381896972656250000, 1.248107910156250000,  ,  ,  82.781 
bubblesort_upd ; 3.246765136718750000, 2.845458984375000000,  ,  ,  282.603 
bubblesort_upd ; 2.238769531250000000, 1.964721679687500000,  ,  ,  173.124 
bubblesort_upd ; 3.972412109375000000, 3.457397460937500000,  ,  ,  362.54 
bubblesort_upd ; 1.408935546875000000, 1.272827148437500000,  ,  ,  82.583 
bubblesort_upd ; 1.468444824218750000, 1.334533691406250000,  ,  ,  92.638 
bubblesort_upd ; 4.011840820312500000, 3.481201171875000000,  ,  ,  362.642 
bubblesort_upd ; 1.382568359375000000, 1.247192382812500000,  ,  ,  82.581 
bubblesort_upd ; 1.647644042968750000, 1.487487792968750000,  ,  ,  112.721 
bubblesort_upd ; 4.001770019531250000, 3.475952148437500000,  ,  ,  362.987 
bubblesort_upd ; 2.234680175781250000, 1.971801757812500000,  ,  ,  172.611 
bubblesort_upd ; 1.366882324218750000, 1.248779296875000000,  ,  ,  82.635 
bubblesort_upd ; 4.846130371093750000, 4.185729980468750000,  ,  ,  453.83 
bubblesort_upd ; 1.408569335937500000, 1.276977539062500000,  ,  ,  82.584 
bubblesort_upd ; 3.321411132812500000, 2.871154785156250000,  ,  ,  282.715 
bubblesort_upd ; 1.378906250000000000, 1.255371093750000000,  ,  ,  83.767 
bubblesort_upd ; 3.250366210937500000, 2.831665039062500000,  ,  ,  283.366 
bubblesort_upd ; 1.366516113281250000, 1.247619628906250000,  ,  ,  82.542 
bubblesort_upd ; 1.573791503906250000, 1.407836914062500000,  ,  ,  102.569 
bubblesort_upd ; 2.325073242187500000, 2.048828125000000000,  ,  ,  182.665 
bubblesort_upd ; 2.320739746093750000, 2.045593261718750000,  ,  ,  182.618 
bubblesort_upd ; 4.051208496093750000, 3.500549316406250000,  ,  ,  362.71 
bubblesort_upd ; 2.296875000000000000, 2.039611816406250000,  ,  ,  182.613 
bubblesort_upd ; 3.919433593750000000, 3.404418945312500000,  ,  ,  352.69 
bubblesort_upd ; 1.405151367187500000, 1.269287109375000000,  ,  ,  82.677 
bubblesort_upd ; 3.246582031250000000, 2.834960937500000000,  ,  ,  283.094 
bubblesort_upd ; 1.384460449218750000, 1.250549316406250000,  ,  ,  82.697 
bubblesort_upd ; 1.562438964843750000, 1.414611816406250000,  ,  ,  102.528 
bubblesort_upd ; 4.013061523437500000, 3.474670410156250000,  ,  ,  363.421 
bubblesort_upd ; 1.363830566406250000, 1.247131347656250000,  ,  ,  82.695 
bubblesort_upd ; 3.273864746093750000, 2.855224609375000000,  ,  ,  282.648 
bubblesort_upd ; 1.413208007812500000, 1.275817871093750000,  ,  ,  82.568 
bubblesort_upd ; 3.133422851562500000, 2.749023437500000000,  ,  ,  272.659 
bubblesort_upd ; 1.393371582031250000, 1.255126953125000000,  ,  ,  82.622 
bubblesort_upd ; 3.251159667968750000, 2.851074218750000000,  ,  ,  282.606 
bubblesort_upd ; 4.046325683593750000, 3.513366699218750000,  ,  ,  363.957 
bubblesort_upd ; 1.378967285156250000, 1.249145507812500000,  ,  ,  82.591 
bubblesort_upd ; 1.481628417968750000, 1.328796386718750000,  ,  ,  92.565 
bubblesort_upd ; 2.395385742187500000, 2.123046875000000000,  ,  ,  192.688 
bubblesort_upd ; 2.225219726562500000, 1.961669921875000000,  ,  ,  172.597 
bubblesort_upd ; 4.009826660156250000, 3.481628417968750000,  ,  ,  362.71 
bubblesort_upd ; 1.399780273437500000, 1.279907226562500000,  ,  ,  82.517 
bubblesort_upd ; 1.606323242187500000, 1.441711425781250000,  ,  ,  102.699 
bubblesort_upd ; 3.896850585937500000, 3.399536132812500000,  ,  ,  352.605 
bubblesort_upd ; 4.029235839843750000, 3.496582031250000000,  ,  ,  363.888 
bubblesort_upd ; 1.411010742187500000, 1.255432128906250000,  ,  ,  82.708 
bubblesort_upd ; 1.700256347656250000, 1.512145996093750000,  ,  ,  112.602 
bubblesort_upd ; 2.207092285156250000, 1.963928222656250000,  ,  ,  172.684 
bubblesort_upd ; 2.321411132812500000, 2.042907714843750000,  ,  ,  182.58 
bubblesort_upd ; 2.296936035156250000, 2.036560058593750000,  ,  ,  182.561 
bubblesort_upd ; 2.348266601562500000, 2.070129394531250000,  ,  ,  184.811 
bubblesort_upd ; 2.321166992187500000, 2.046630859375000000,  ,  ,  182.723 
bubblesort_upd ; 2.247985839843750000, 1.985290527343750000,  ,  ,  172.627 
bubblesort_upd ; 3.980529785156250000, 3.470886230468750000,  ,  ,  362.688 
bubblesort_upd ; 1.386596679687500000, 1.250610351562500000,  ,  ,  82.607 
bubblesort_upd ; 1.654296875000000000, 1.494018554687500000,  ,  ,  112.621 
bubblesort_upd ; 5.598510742187500000, 4.830688476562500000,  ,  ,  532.72 
bubblesort_upd ; 1.377014160156250000, 1.240234375000000000,  ,  ,  82.567 
bubblesort_upd ; 1.552490234375000000, 1.404907226562500000,  ,  ,  102.623 
bubblesort_upd ; 2.320922851562500000, 2.043884277343750000,  ,  ,  182.638 
bubblesort_upd ; 2.346679687500000000, 2.077453613281250000,  ,  ,  183.051 
bubblesort_upd ; 2.323181152343750000, 2.044616699218750000,  ,  ,  182.621 
bubblesort_upd ; 2.224914550781250000, 1.963745117187500000,  ,  ,  173.823 
bubblesort_upd ; 3.980285644531250000, 3.468017578125000000,  ,  ,  362.635 
bubblesort_upd ; 1.383728027343750000, 1.247680664062500000,  ,  ,  82.706 
bubblesort_upd ; 1.696044921875000000, 1.521911621093750000,  ,  ,  112.915 
bubblesort_upd ; 5.598510742187500000, 4.834472656250000000,  ,  ,  532.973 
bubblesort_upd ; 1.363647460937500000, 1.246643066406250000,  ,  ,  82.719 
bubblesort_upd ; 3.222534179687500000, 2.826110839843750000,  ,  ,  282.771 
bubblesort_upd ; 1.384704589843750000, 1.247924804687500000,  ,  ,  82.581 
bubblesort_upd ; 3.247314453125000000, 2.831176757812500000,  ,  ,  283.907 
bubblesort_upd2 ; 0.225158691406250000, 0.208618164062500000,  ,  ,  21.7 
bubblesort_upd2 ; 0.371093750000000000, 0.333312988281250000,  ,  ,  21.42 
bubblesort_upd2 ; 0.367614746093750000, 0.337524414062500000,  ,  ,  21.414 
bubblesort_upd2 ; 1.399536132812500000, 1.207885742187500000,  ,  ,  131.45 
bubblesort_upd2 ; 1.782226562500000000, 1.542968750000000000,  ,  ,  171.33 
bubblesort_upd2 ; 1.868041992187500000, 1.602233886718750000,  ,  ,  181.463 
bubblesort_upd2 ; 3.435791015625000000, 2.947204589843750000,  ,  ,  351.4 
bubblesort_upd2 ; 0.360229492187500000, 0.333312988281250000,  ,  ,  21.442 
bubblesort_upd2 ; 1.679382324218750000, 1.444152832031250000,  ,  ,  161.377 
bubblesort_upd2 ; 1.849548339843750000, 1.595581054687500000,  ,  ,  181.367 
bubblesort_upd2 ; 3.429748535156250000, 2.938659667968750000,  ,  ,  351.369 
bubblesort_upd2 ; 0.361206054687500000, 0.333007812500000000,  ,  ,  21.291 
bubblesort_upd2 ; 3.343383789062500000, 2.866149902343750000,  ,  ,  341.325 
bubblesort_upd2 ; 3.522399902343750000, 3.005249023437500000,  ,  ,  361.342 
bubblesort_upd2 ; 0.359130859375000000, 0.331970214843750000,  ,  ,  21.351 
bubblesort_upd2 ; 3.249938964843750000, 2.787780761718750000,  ,  ,  331.556 
bubblesort_upd2 ; 0.373046875000000000, 0.333374023437500000,  ,  ,  21.321 
bubblesort_upd2 ; 1.571777343750000000, 1.361389160156250000,  ,  ,  151.305 
bubblesort_upd2 ; 1.937255859375000000, 1.670166015625000000,  ,  ,  191.363 
bubblesort_upd2 ; 3.528320312500000000, 3.013305664062500000,  ,  ,  361.365 
bubblesort_upd2 ; 0.361938476562500000, 0.332702636718750000,  ,  ,  21.46 
bubblesort_upd2 ; 1.585571289062500000, 1.364257812500000000,  ,  ,  151.375 
bubblesort_upd2 ; 3.426452636718750000, 2.936828613281250000,  ,  ,  351.372 
bubblesort_upd2 ; 0.361755371093750000, 0.332763671875000000,  ,  ,  21.351 
bubblesort_upd2 ; 3.342773437500000000, 2.856994628906250000,  ,  ,  341.42 
bubblesort_upd2 ; 1.752075195312500000, 1.512512207031250000,  ,  ,  171.325 
bubblesort_upd2 ; 3.523010253906250000, 3.006530761718750000,  ,  ,  361.578 
bubblesort_upd2 ; 0.449707031250000000, 0.412963867187500000,  ,  ,  31.617 
bubblesort_upd2 ; 3.304809570312500000, 2.816528320312500000,  ,  ,  341.587 
bubblesort_upd2 ; 0.362915039062500000, 0.336669921875000000,  ,  ,  21.422 
bubblesort_upd2 ; 1.675415039062500000, 1.439880371093750000,  ,  ,  161.364 
bubblesort_upd2 ; 3.551391601562500000, 3.013244628906250000,  ,  ,  361.643 
bubblesort_upd2 ; 0.371765136718750000, 0.333984375000000000,  ,  ,  21.489 
bubblesort_upd2 ; 1.575866699218750000, 1.365356445312500000,  ,  ,  151.372 
bubblesort_upd2 ; 3.530944824218750000, 3.014709472656250000,  ,  ,  361.481 
bubblesort_upd2 ; 1.851196289062500000, 1.600524902343750000,  ,  ,  181.404 
bubblesort_upd2 ; 1.767456054687500000, 1.516662597656250000,  ,  ,  171.473 
bubblesort_upd2 ; 3.505981445312500000, 3.005187988281250000,  ,  ,  361.553 
bubblesort_upd2 ; 0.359802246093750000, 0.330749511718750000,  ,  ,  21.387 
bubblesort_upd2 ; 3.350952148437500000, 2.875549316406250000,  ,  ,  341.416 
bubblesort_upd2 ; 0.363220214843750000, 0.335693359375000000,  ,  ,  21.48 
bubblesort_upd2 ; 3.237854003906250000, 2.764343261718750000,  ,  ,  331.522 
bubblesort_upd2 ; 0.363159179687500000, 0.333190917968750000,  ,  ,  21.344 
bubblesort_upd2 ; 1.679687500000000000, 1.444519042968750000,  ,  ,  161.476 
bubblesort_upd2 ; 3.440979003906250000, 2.951171875000000000,  ,  ,  351.397 
bubblesort_upd2 ; 0.363342285156250000, 0.334716796875000000,  ,  ,  21.308 
bubblesort_upd2 ; 3.339660644531250000, 2.853576660156250000,  ,  ,  341.39 
bubblesort_upd2 ; 3.501953125000000000, 3.000793457031250000,  ,  ,  361.482 
bubblesort_upd2 ; 0.374572753906250000, 0.332885742187500000,  ,  ,  21.343 
bubblesort_upd2 ; 3.219604492187500000, 2.759277343750000000,  ,  ,  331.356 
bubblesort_upd2 ; 0.364135742187500000, 0.334594726562500000,  ,  ,  21.364 
bubblesort_upd2 ; 3.267639160156250000, 2.760131835937500000,  ,  ,  331.56 
bubblesort_upd2 ; 0.358520507812500000, 0.332275390625000000,  ,  ,  21.399 
bubblesort_upd2 ; 3.356750488281250000, 2.866760253906250000,  ,  ,  341.369 
bubblesort_upd2 ; 0.361572265625000000, 0.334289550781250000,  ,  ,  21.364 
bubblesort_upd2 ; 1.663269042968750000, 1.437377929687500000,  ,  ,  161.337 
bubblesort_upd2 ; 3.532714843750000000, 3.016540527343750000,  ,  ,  361.326 
bubblesort_upd2 ; 3.406005859375000000, 2.914611816406250000,  ,  ,  351.375 
bubblesort_upd2 ; 0.456054687500000000, 0.414428710937500000,  ,  ,  31.298 
bubblesort_upd2 ; 3.145935058593750000, 2.685668945312500000,  ,  ,  321.585 
bubblesort_upd2 ; 0.546569824218750000, 0.490844726562500000,  ,  ,  41.377 
bubblesort_upd2 ; 1.484558105468750000, 1.278808593750000000,  ,  ,  141.411 
bubblesort_upd2 ; 1.840026855468750000, 1.586791992187500000,  ,  ,  181.379 
bubblesort_upd2 ; 3.438537597656250000, 2.935180664062500000,  ,  ,  351.362 
bubblesort_upd2 ; 0.362792968750000000, 0.337036132812500000,  ,  ,  21.316 
bubblesort_upd2 ; 1.755126953125000000, 1.515808105468750000,  ,  ,  171.38 
bubblesort_upd2 ; 3.427246093750000000, 2.924804687500000000,  ,  ,  351.363 
bubblesort_upd2 ; 0.361206054687500000, 0.332519531250000000,  ,  ,  21.328 
bubblesort_upd2 ; 3.310791015625000000, 2.835693359375000000,  ,  ,  341.426 
bubblesort_upd2 ; 1.785949707031250000, 1.537658691406250000,  ,  ,  171.477 
bubblesort_upd2 ; 1.836975097656250000, 1.586364746093750000,  ,  ,  181.498 
bubblesort_upd2 ; 1.856201171875000000, 1.593261718750000000,  ,  ,  181.605 
bubblesort_upd2 ; 3.503540039062500000, 3.001953125000000000,  ,  ,  361.4 
bubblesort_upd2 ; 0.372253417968750000, 0.334350585937500000,  ,  ,  21.509 
bubblesort_upd2 ; 3.245300292968750000, 2.785766601562500000,  ,  ,  331.41 
bubblesort_upd2 ; 0.372741699218750000, 0.334899902343750000,  ,  ,  21.539 
bubblesort_upd2 ; 3.342834472656250000, 2.858337402343750000,  ,  ,  341.73 
bubblesort_upd2 ; 0.357910156250000000, 0.330932617187500000,  ,  ,  21.382 
bubblesort_upd2 ; 3.235351562500000000, 2.775329589843750000,  ,  ,  331.499 
bubblesort_upd2 ; 1.862182617187500000, 1.599060058593750000,  ,  ,  181.369 
bubblesort_upd2 ; 1.876342773437500000, 1.597961425781250000,  ,  ,  181.731 
bubblesort_upd2 ; 1.767150878906250000, 1.515869140625000000,  ,  ,  171.49 
bubblesort_upd2 ; 1.880004882812500000, 1.591979980468750000,  ,  ,  181.469 
bubblesort_upd2 ; 3.412414550781250000, 2.929199218750000000,  ,  ,  351.701 
bubblesort_upd2 ; 0.374023437500000000, 0.334350585937500000,  ,  ,  21.51 
bubblesort_upd2 ; 3.329101562500000000, 2.854980468750000000,  ,  ,  341.451 
bubblesort_upd2 ; 0.372375488281250000, 0.330993652343750000,  ,  ,  21.365 
bubblesort_upd2 ; 3.318115234375000000, 2.845031738281250000,  ,  ,  341.365 
bubblesort_upd2 ; 0.361511230468750000, 0.333190917968750000,  ,  ,  21.438 
bubblesort_upd2 ; 3.232177734375000000, 2.757995605468750000,  ,  ,  331.364 
bubblesort_upd2 ; 0.361389160156250000, 0.333923339843750000,  ,  ,  21.491 
bubblesort_upd2 ; 1.674682617187500000, 1.437377929687500000,  ,  ,  161.454 
bubblesort_upd2 ; 3.507385253906250000, 3.004455566406250000,  ,  ,  361.479 
bubblesort_upd2 ; 1.763488769531250000, 1.513610839843750000,  ,  ,  171.486 
bubblesort_upd2 ; 3.494140625000000000, 2.995971679687500000,  ,  ,  361.724 
bubblesort_upd2 ; 0.372131347656250000, 0.331237792968750000,  ,  ,  21.368 
bubblesort_upd2 ; 1.570007324218750000, 1.362304687500000000,  ,  ,  151.482 
bubblesort_upd2 ; 1.859802246093750000, 1.596191406250000000,  ,  ,  181.438 
bubblesort_upd2 ; 1.845886230468750000, 1.597961425781250000,  ,  ,  181.567 
bubblesort_upd2 ; 1.775451660156250000, 1.525512695312500000,  ,  ,  171.424 
bubblesort_upd2 ; 3.499572753906250000, 2.999450683593750000,  ,  ,  361.421 
bubblesort_upd2 ; 0.375122070312500000, 0.336486816406250000,  ,  ,  21.518 
bubblesort_upd2 ; 1.656738281250000000, 1.435729980468750000,  ,  ,  161.389 
bubblesort_upd2 ; 3.520385742187500000, 3.018371582031250000,  ,  ,  361.516 
bubblesort_upd2 ; 3.456848144531250000, 2.957458496093750000,  ,  ,  351.395 
bubblesort_upd2 ; 0.362121582031250000, 0.333679199218750000,  ,  ,  21.387 
bubblesort_upd2 ; 1.672729492187500000, 1.437927246093750000,  ,  ,  161.601 
bubblesort_upd2 ; 3.518310546875000000, 3.002807617187500000,  ,  ,  361.377 
bubblesort_upd2 ; 0.382873535156250000, 0.334289550781250000,  ,  ,  21.39 
bubblesort_upd2 ; 1.601623535156250000, 1.379455566406250000,  ,  ,  151.384 
bubblesort_upd2 ; 3.515625000000000000, 3.002075195312500000,  ,  ,  361.48 
bubblesort_upd2 ; 3.408874511718750000, 2.923034667968750000,  ,  ,  351.622 
bubblesort_upd2 ; 0.369384765625000000, 0.329162597656250000,  ,  ,  21.394 
bubblesort_upd2 ; 0.362060546875000000, 0.336364746093750000,  ,  ,  21.368 
bubblesort_upd2 ; 3.137390136718750000, 2.690124511718750000,  ,  ,  321.38 
bubblesort_upd2 ; 1.760131835937500000, 1.513427734375000000,  ,  ,  171.634 
bubblesort_upd2 ; 1.832641601562500000, 1.585266113281250000,  ,  ,  181.391 
bubblesort_upd2 ; 1.856811523437500000, 1.591979980468750000,  ,  ,  181.406 
bubblesort_upd2 ; 1.843322753906250000, 1.591430664062500000,  ,  ,  181.405 
bubblesort_upd2 ; 3.534545898437500000, 3.024841308593750000,  ,  ,  361.697 
bubblesort_upd2 ; 0.360839843750000000, 0.334655761718750000,  ,  ,  21.441 
bubblesort_upd2 ; 3.256896972656250000, 2.773864746093750000,  ,  ,  341.662 
bubblesort_upd2 ; 0.450012207031250000, 0.408569335937500000,  ,  ,  31.532 
bubblesort_upd2 ; 1.487976074218750000, 1.282287597656250000,  ,  ,  141.474 
bubblesort_upd2 ; 5.187133789062500000, 4.432250976562500000,  ,  ,  541.491 
bubblesort_upd2 ; 0.372253417968750000, 0.333190917968750000,  ,  ,  21.395 
bubblesort_upd2 ; 3.235961914062500000, 2.776855468750000000,  ,  ,  331.495 
bubblesort_upd2 ; 0.374816894531250000, 0.333496093750000000,  ,  ,  21.357 
bubblesort_upd2 ; 3.312255859375000000, 2.840515136718750000,  ,  ,  341.603 
bubblesort_upd2 ; 0.374023437500000000, 0.332275390625000000,  ,  ,  21.351 
bubblesort_upd2 ; 3.252502441406250000, 2.758056640625000000,  ,  ,  331.617 
bubblesort_upd2 ; 0.372497558593750000, 0.332153320312500000,  ,  ,  21.377 
bubblesort_upd2 ; 3.314880371093750000, 2.838867187500000000,  ,  ,  341.467 
bubblesort_upd2 ; 0.380981445312500000, 0.331726074218750000,  ,  ,  21.588 
bubblesort_upd2 ; 3.362976074218750000, 2.868896484375000000,  ,  ,  341.427 
bubblesort_upd2 ; 3.406738281250000000, 2.907958984375000000,  ,  ,  351.535 
bubblesort_upd2 ; 0.360717773437500000, 0.333801269531250000,  ,  ,  21.361 
bubblesort_upd2 ; 1.661987304687500000, 1.440368652343750000,  ,  ,  161.41 
bubblesort_upd2 ; 1.851013183593750000, 1.587036132812500000,  ,  ,  181.403 
bubblesort_upd2 ; 3.529174804687500000, 3.017944335937500000,  ,  ,  361.667 
bubblesort_upd2 ; 0.359130859375000000, 0.333190917968750000,  ,  ,  21.442 
bubblesort_upd2 ; 3.149108886718750000, 2.690673828125000000,  ,  ,  321.572 
bubblesort_upd2 ; 0.357299804687500000, 0.330871582031250000,  ,  ,  21.359 
bubblesort_upd2 ; 1.658264160156250000, 1.436523437500000000,  ,  ,  161.5 
bubblesort_upd2 ; 3.507324218750000000, 2.993286132812500000,  ,  ,  361.534 
bubblesort_upd2 ; 3.493164062500000000, 2.988952636718750000,  ,  ,  361.394 
bubblesort_upd2 ; 0.373596191406250000, 0.332336425781250000,  ,  ,  21.344 
bubblesort_upd2 ; 0.363769531250000000, 0.336120605468750000,  ,  ,  21.403 
bubblesort_upd2 ; 3.056762695312500000, 2.611999511718750000,  ,  ,  311.512 
bubblesort_upd2 ; 1.839294433593750000, 1.590820312500000000,  ,  ,  181.485 
bubblesort_upd2 ; 3.512939453125000000, 2.998474121093750000,  ,  ,  361.45 
bubblesort_upd2 ; 0.359497070312500000, 0.334533691406250000,  ,  ,  21.498 
bubblesort_upd2 ; 1.581420898437500000, 1.359924316406250000,  ,  ,  151.45 
bubblesort_upd2 ; 1.837951660156250000, 1.590515136718750000,  ,  ,  181.53 
bubblesort_upd2 ; 1.772949218750000000, 1.536132812500000000,  ,  ,  171.432 
bubblesort_upd2 ; 3.509033203125000000, 2.998962402343750000,  ,  ,  361.589 
bubblesort_upd2 ; 0.362915039062500000, 0.333435058593750000,  ,  ,  21.397 
bubblesort_upd2 ; 3.336120605468750000, 2.853210449218750000,  ,  ,  341.462 
bubblesort_upd2 ; 3.490295410156250000, 2.987915039062500000,  ,  ,  361.525 
bubblesort_upd2 ; 0.370300292968750000, 0.331237792968750000,  ,  ,  21.472 
bubblesort_upd2 ; 1.561462402343750000, 1.350708007812500000,  ,  ,  151.455 
bubblesort_upd2 ; 3.514831542968750000, 3.000061035156250000,  ,  ,  361.391 
bubblesort_upd2 ; 0.360412597656250000, 0.332031250000000000,  ,  ,  21.389 
bubblesort_upd2 ; 1.700561523437500000, 1.451416015625000000,  ,  ,  171.466 
bubblesort_upd2 ; 3.400268554687500000, 2.914611816406250000,  ,  ,  351.55 
bubblesort_upd2 ; 0.373413085937500000, 0.333740234375000000,  ,  ,  21.52 
bubblesort_upd2 ; 3.305175781250000000, 2.830810546875000000,  ,  ,  341.54 
bubblesort_upd2 ; 1.764892578125000000, 1.515136718750000000,  ,  ,  171.425 
bubblesort_upd2 ; 0.358154296875000000, 0.330749511718750000,  ,  ,  21.426 
bubblesort_upd2 ; 3.324401855468750000, 2.849670410156250000,  ,  ,  341.391 
bubblesort_upd2 ; 3.484802246093750000, 2.985412597656250000,  ,  ,  361.413 
bubblesort_upd2 ; 0.362976074218750000, 0.332824707031250000,  ,  ,  21.353 
bubblesort_upd2 ; 3.222290039062500000, 2.751403808593750000,  ,  ,  331.522 
bubblesort_upd2 ; 0.359191894531250000, 0.332336425781250000,  ,  ,  21.404 
bubblesort_upd2 ; 1.587219238281250000, 1.367797851562500000,  ,  ,  151.545 
bubblesort_upd2 ; 3.491638183593750000, 2.990417480468750000,  ,  ,  361.477 
bubblesort_upd2 ; 0.369506835937500000, 0.330810546875000000,  ,  ,  21.512 
bubblesort_upd2 ; 1.661376953125000000, 1.438964843750000000,  ,  ,  161.415 
bubblesort_upd2 ; 1.847473144531250000, 1.584228515625000000,  ,  ,  181.433 
bubblesort_upd2 ; 3.414794921875000000, 2.925964355468750000,  ,  ,  351.434 
bubblesort_upd2 ; 0.361267089843750000, 0.332885742187500000,  ,  ,  21.413 
bubblesort_upd2 ; 3.306945800781250000, 2.820556640625000000,  ,  ,  341.427 
bubblesort_upd2 ; 3.393432617187500000, 2.903869628906250000,  ,  ,  351.608 
bubblesort_upd2 ; 0.367004394531250000, 0.331115722656250000,  ,  ,  21.368 
bubblesort_upd2 ; 3.320068359375000000, 2.844238281250000000,  ,  ,  341.444 
bubblesort_upd2 ; 0.370910644531250000, 0.332458496093750000,  ,  ,  21.444 
bubblesort_upd2 ; 1.563354492187500000, 1.355163574218750000,  ,  ,  151.448 
bubblesort_upd2 ; 1.857177734375000000, 1.591491699218750000,  ,  ,  181.418 
bubblesort_upd2 ; 1.838562011718750000, 1.590942382812500000,  ,  ,  181.41 
bubblesort_upd2 ; 1.742614746093750000, 1.504028320312500000,  ,  ,  171.45 
bubblesort_upd2 ; 3.542236328125000000, 2.994628906250000000,  ,  ,  361.427 
bubblesort_upd2 ; 3.505371093750000000, 2.993164062500000000,  ,  ,  361.685 
bubblesort_upd2 ; 0.360778808593750000, 0.334106445312500000,  ,  ,  21.401 
bubblesort_upd2 ; 3.219116210937500000, 2.749816894531250000,  ,  ,  331.876 
bubblesort_upd2 ; 0.356750488281250000, 0.330566406250000000,  ,  ,  21.442 
bubblesort_upd2 ; 3.319152832031250000, 2.833374023437500000,  ,  ,  341.425 
bubblesort_upd2 ; 0.360107421875000000, 0.330627441406250000,  ,  ,  21.393 
bubblesort_upd2 ; 1.579040527343750000, 1.356933593750000000,  ,  ,  151.486 
bubblesort_upd2 ; 1.835754394531250000, 1.586608886718750000,  ,  ,  181.582 
bubblesort_upd2 ; 1.854309082031250000, 1.593200683593750000,  ,  ,  181.457 
bubblesort_upd2 ; 3.486938476562500000, 2.986022949218750000,  ,  ,  361.469 
bubblesort_upd2 ; 3.404235839843750000, 2.905944824218750000,  ,  ,  351.468 
bubblesort_upd2 ; 0.359069824218750000, 0.332397460937500000,  ,  ,  21.483 
bubblesort_upd2 ; 0.371582031250000000, 0.331359863281250000,  ,  ,  21.456 
bubblesort_upd2 ; 3.143005371093750000, 2.701477050781250000,  ,  ,  321.511 
bubblesort_upd2 ; 1.747009277343750000, 1.508666992187500000,  ,  ,  171.464 
bubblesort_upd2 ; 3.503479003906250000, 2.993041992187500000,  ,  ,  361.665 
bubblesort_upd2 ; 0.370605468750000000, 0.333374023437500000,  ,  ,  21.489 
bubblesort_upd2 ; 3.339477539062500000, 2.868774414062500000,  ,  ,  341.673 
bubblesort_upd2 ; 0.373535156250000000, 0.334472656250000000,  ,  ,  21.432 
bubblesort_upd2 ; 3.246398925781250000, 2.754455566406250000,  ,  ,  331.572 
bubblesort_upd2 ; 0.373901367187500000, 0.333862304687500000,  ,  ,  21.423 
bubblesort_upd2 ; 3.307800292968750000, 2.835754394531250000,  ,  ,  341.568 
bubblesort_upd2 ; 0.370056152343750000, 0.331054687500000000,  ,  ,  21.466 
bubblesort_upd2 ; 3.318786621093750000, 2.846008300781250000,  ,  ,  341.509 
bubblesort_upd2 ; 3.404296875000000000, 2.906555175781250000,  ,  ,  351.785 
bubblesort_upd2 ; 0.366821289062500000, 0.329101562500000000,  ,  ,  21.468 
bubblesort_upd2 ; 1.556823730468750000, 1.350280761718750000,  ,  ,  151.535 
bubblesort_upd2 ; 3.508422851562500000, 2.992431640625000000,  ,  ,  361.422 
bubblesort_upd2 ; 0.358337402343750000, 0.332946777343750000,  ,  ,  21.405 
bubblesort_upd2 ; 1.660827636718750000, 1.438354492187500000,  ,  ,  161.482 
bubblesort_upd2 ; 3.493957519531250000, 2.982666015625000000,  ,  ,  361.467 
bubblesort_upd2 ; 0.372375488281250000, 0.333679199218750000,  ,  ,  21.591 
bubblesort_upd2 ; 1.556945800781250000, 1.350341796875000000,  ,  ,  151.454 
bubblesort_upd2 ; 3.508544921875000000, 2.995544433593750000,  ,  ,  361.56 
bubblesort_upd2 ; 0.356201171875000000, 0.333374023437500000,  ,  ,  21.706 
bubblesort_upd2 ; 3.225891113281250000, 2.755737304687500000,  ,  ,  331.455 
bubblesort_upd2 ; 3.484375000000000000, 2.986267089843750000,  ,  ,  361.531 
bubblesort_upd2 ; 0.372741699218750000, 0.330322265625000000,  ,  ,  21.398 
bubblesort_upd2 ; 3.355834960937500000, 2.876525878906250000,  ,  ,  341.93 
bubblesort_upd2 ; 0.359802246093750000, 0.333740234375000000,  ,  ,  21.393 
bubblesort_upd2 ; 3.124755859375000000, 2.681579589843750000,  ,  ,  321.522 
bubblesort_upd2 ; 0.374328613281250000, 0.333557128906250000,  ,  ,  21.407 
bubblesort_upd2 ; 3.317016601562500000, 2.844726562500000000,  ,  ,  341.532 
bubblesort_upd2 ; 0.392333984375000000, 0.350952148437500000,  ,  ,  22.326 
bubblesort_upd2 ; 3.300781250000000000, 2.827392578125000000,  ,  ,  341.456 
bubblesort_upd2 ; 0.371276855468750000, 0.333923339843750000,  ,  ,  21.588 
bubblesort_upd2 ; 1.651550292968750000, 1.429138183593750000,  ,  ,  161.622 
bubblesort_upd2 ; 5.107849121093750000, 4.321594238281250000,  ,  ,  531.508 
bubblesort_upd2 ; 0.362487792968750000, 0.335632324218750000,  ,  ,  21.466 
bubblesort_upd2 ; 3.229797363281250000, 2.758239746093750000,  ,  ,  331.623 
bubblesort_upd2 ; 0.360534667968750000, 0.333374023437500000,  ,  ,  21.374 
bubblesort_upd2 ; 3.319824218750000000, 2.833801269531250000,  ,  ,  341.444 
bubblesort_upd2 ; 0.358764648437500000, 0.331909179687500000,  ,  ,  21.419 
bubblesort_upd2 ; 3.316650390625000000, 2.830383300781250000,  ,  ,  341.445 
bubblesort_upd2 ; 0.359191894531250000, 0.331726074218750000,  ,  ,  21.416 
bubblesort_upd2 ; 3.222656250000000000, 2.753295898437500000,  ,  ,  331.655 
bubblesort_upd2 ; 0.360229492187500000, 0.334716796875000000,  ,  ,  21.566 
bubblesort_upd2 ; 3.322265625000000000, 2.838378906250000000,  ,  ,  341.472 
bubblesort_upd2 ; 1.766113281250000000, 1.528564453125000000,  ,  ,  171.487 
bubblesort_upd2 ; 1.755493164062500000, 1.507873535156250000,  ,  ,  171.445 
bubblesort_upd2 ; 3.493164062500000000, 2.994384765625000000,  ,  ,  361.545 
bubblesort_upd2 ; 0.557067871093750000, 0.489746093750000000,  ,  ,  41.443 
bubblesort_upd2 ; 3.143859863281250000, 2.700073242187500000,  ,  ,  321.545 
bubblesort_upd2 ; 0.370605468750000000, 0.331848144531250000,  ,  ,  21.396 
bubblesort_upd2 ; 1.654846191406250000, 1.435607910156250000,  ,  ,  161.523 
bubblesort_upd2 ; 1.762756347656250000, 1.513488769531250000,  ,  ,  171.481 
bubblesort_upd2 ; 3.499694824218750000, 3.000000000000000000,  ,  ,  361.433 
bubblesort_upd2 ; 0.370483398437500000, 0.332214355468750000,  ,  ,  21.558 
bubblesort_upd2 ; 3.305053710937500000, 2.834777832031250000,  ,  ,  341.648 
bubblesort_upd2 ; 1.846923828125000000, 1.585083007812500000,  ,  ,  181.523 
bubblesort_upd2 ; 3.415100097656250000, 2.917175292968750000,  ,  ,  351.802 
bubblesort_upd2 ; 0.359680175781250000, 0.334655761718750000,  ,  ,  21.429 
bubblesort_upd2 ; 3.225708007812500000, 2.753906250000000000,  ,  ,  331.568 
bubblesort_upd2 ; 0.362670898437500000, 0.336364746093750000,  ,  ,  21.599 
bubblesort_upd2 ; 1.697998046875000000, 1.430175781250000000,  ,  ,  161.793 
bubblesort_upd2 ; 3.500366210937500000, 2.990661621093750000,  ,  ,  361.946 
bubblesort_upd2 ; 0.358947753906250000, 0.334899902343750000,  ,  ,  21.546 
bubblesort_upd2 ; 3.218811035156250000, 2.762084960937500000,  ,  ,  331.494 
bubblesort_upd2 ; 3.505126953125000000, 2.989379882812500000,  ,  ,  361.518 
bubblesort_upd2 ; 0.358154296875000000, 0.333740234375000000,  ,  ,  21.43 
bubblesort_upd2 ; 0.363159179687500000, 0.334960937500000000,  ,  ,  21.438 
bubblesort_upd2 ; 3.140014648437500000, 2.681762695312500000,  ,  ,  321.443 
bubblesort_upd2 ; 3.400329589843750000, 2.911926269531250000,  ,  ,  351.606 
bubblesort_upd2 ; 0.362670898437500000, 0.337829589843750000,  ,  ,  21.521 
bubblesort_upd2 ; 3.221130371093750000, 2.750610351562500000,  ,  ,  331.535 
bubblesort_upd2 ; 0.358276367187500000, 0.331176757812500000,  ,  ,  21.444 
bubblesort_upd2 ; 3.315612792968750000, 2.832153320312500000,  ,  ,  341.743 
bubblesort_upd2 ; 0.360107421875000000, 0.334960937500000000,  ,  ,  21.467 
bubblesort_upd2 ; 3.247741699218750000, 2.775817871093750000,  ,  ,  331.468 
bubblesort_upd2 ; 3.490417480468750000, 2.991455078125000000,  ,  ,  361.604 
bubblesort_upd2 ; 0.374145507812500000, 0.335571289062500000,  ,  ,  21.431 
bubblesort_upd2 ; 0.363708496093750000, 0.337768554687500000,  ,  ,  21.575 
bubblesort_upd2 ; 3.148010253906250000, 2.689636230468750000,  ,  ,  321.582 
bubblesort_upd2 ; 3.306823730468750000, 2.834350585937500000,  ,  ,  341.556 
bubblesort_upd2 ; 0.369934082031250000, 0.330871582031250000,  ,  ,  21.51 
bubblesort_upd2 ; 1.760681152343750000, 1.525207519531250000,  ,  ,  171.59 
bubblesort_upd2 ; 3.399230957031250000, 2.915954589843750000,  ,  ,  351.65 
bubblesort_upd2 ; 0.373046875000000000, 0.333740234375000000,  ,  ,  21.458 
bubblesort_upd2 ; 1.568664550781250000, 1.361328125000000000,  ,  ,  151.505 
bubblesort_upd2 ; 1.774291992187500000, 1.525939941406250000,  ,  ,  171.442 
bubblesort_upd2 ; 3.492187500000000000, 2.993835449218750000,  ,  ,  361.743 
bubblesort_upd2 ; 0.370056152343750000, 0.332885742187500000,  ,  ,  21.488 
bubblesort_upd2 ; 1.566040039062500000, 1.358398437500000000,  ,  ,  151.467 
bubblesort_upd2 ; 5.085205078125000000, 4.337951660156250000,  ,  ,  531.473 
bubblesort_upd2 ; 0.359436035156250000, 0.333984375000000000,  ,  ,  21.508 
bubblesort_upd2 ; 1.757568359375000000, 1.509155273437500000,  ,  ,  171.496 
bubblesort_upd2 ; 1.743530273437500000, 1.508117675781250000,  ,  ,  171.475 
bubblesort_upd2 ; 1.846679687500000000, 1.586181640625000000,  ,  ,  181.675 
bubblesort_upd2 ; 3.489379882812500000, 2.989013671875000000,  ,  ,  361.507 
bubblesort_upd2 ; 0.358764648437500000, 0.332397460937500000,  ,  ,  21.42 
bubblesort_upd2 ; 1.560302734375000000, 1.352416992187500000,  ,  ,  151.463 
bubblesort_upd2 ; 3.502807617187500000, 2.991760253906250000,  ,  ,  361.492 
bubblesort_upd2 ; 3.507385253906250000, 3.008422851562500000,  ,  ,  361.491 
bubblesort_upd2 ; 0.372558593750000000, 0.333068847656250000,  ,  ,  21.456 
bubblesort_upd2 ; 1.650817871093750000, 1.429382324218750000,  ,  ,  161.502 
bubblesort_upd2 ; 1.760498046875000000, 1.514099121093750000,  ,  ,  171.505 
bubblesort_upd2 ; 1.838134765625000000, 1.588134765625000000,  ,  ,  181.491 
bubblesort_upd2 ; 3.402282714843750000, 2.906005859375000000,  ,  ,  351.831 
bubblesort_upd2 ; 0.405151367187500000, 0.354187011718750000,  ,  ,  31.529 
bubblesort_upd2 ; 1.747009277343750000, 1.511169433593750000,  ,  ,  171.475 
bubblesort_upd2 ; 3.422119140625000000, 2.925109863281250000,  ,  ,  351.681 
bubblesort_upd2 ; 0.360412597656250000, 0.334228515625000000,  ,  ,  21.426 
bubblesort_upd2 ; 3.319030761718750000, 2.837036132812500000,  ,  ,  341.711 
bubblesort_upd2 ; 0.357421875000000000, 0.331420898437500000,  ,  ,  21.494 
bubblesort_upd2 ; 3.350219726562500000, 2.842346191406250000,  ,  ,  341.47 
bubblesort_upd2 ; 3.401916503906250000, 2.906921386718750000,  ,  ,  351.563 
bubblesort_upd2 ; 0.358947753906250000, 0.334411621093750000,  ,  ,  21.451 
bubblesort_upd2 ; 3.242614746093750000, 2.768859863281250000,  ,  ,  331.559 
bubblesort_upd2 ; 0.357666015625000000, 0.332824707031250000,  ,  ,  21.439 
bubblesort_upd2 ; 1.667114257812500000, 1.432861328125000000,  ,  ,  161.625 
bubblesort_upd2 ; 3.408142089843750000, 2.923400878906250000,  ,  ,  351.539 
bubblesort_upd2 ; 0.372375488281250000, 0.332397460937500000,  ,  ,  21.515 
bubblesort_upd2 ; 1.649475097656250000, 1.427185058593750000,  ,  ,  161.5 
bubblesort_upd2 ; 1.758850097656250000, 1.511230468750000000,  ,  ,  171.565 
bubblesort_upd2 ; 5.232116699218750000, 4.468811035156250000,  ,  ,  551.562 
bubblesort_upd2 ; 0.371154785156250000, 0.332702636718750000,  ,  ,  21.468 
bubblesort_upd2 ; 0.360412597656250000, 0.334045410156250000,  ,  ,  21.477 
bubblesort_upd2 ; 4.687927246093750000, 3.993041992187500000,  ,  ,  491.603 
bubblesort_upd2 ; 0.363342285156250000, 0.337219238281250000,  ,  ,  21.452 
bubblesort_upd2 ; 1.573120117187500000, 1.353454589843750000,  ,  ,  151.578 
bubblesort_upd2 ; 1.851440429687500000, 1.589477539062500000,  ,  ,  181.737 
bubblesort_upd2 ; 3.490112304687500000, 2.990722656250000000,  ,  ,  361.486 
bubblesort_upd2 ; 0.372680664062500000, 0.332702636718750000,  ,  ,  21.59 
bubblesort_upd2 ; 1.555297851562500000, 1.350585937500000000,  ,  ,  151.557 
bubblesort_upd2 ; 1.848266601562500000, 1.586364746093750000,  ,  ,  181.625 
bubblesort_upd2 ; 1.853698730468750000, 1.590454101562500000,  ,  ,  181.633 
bubblesort_upd2 ; 3.397766113281250000, 2.911804199218750000,  ,  ,  351.682 
bubblesort_upd2 ; 3.493041992187500000, 2.982910156250000000,  ,  ,  361.598 
bubblesort_upd2 ; 0.359436035156250000, 0.332458496093750000,  ,  ,  21.57 
bubblesort_upd2 ; 1.574462890625000000, 1.355834960937500000,  ,  ,  151.587 
bubblesort_upd2 ; 3.546264648437500000, 2.998535156250000000,  ,  ,  361.734 
bubblesort_upd2 ; 0.357482910156250000, 0.332580566406250000,  ,  ,  21.479 
bubblesort_upd2 ; 3.230773925781250000, 2.761108398437500000,  ,  ,  331.858 
bubblesort_upd2 ; 0.370544433593750000, 0.331909179687500000,  ,  ,  21.471 
bubblesort_upd2 ; 3.313781738281250000, 2.846618652343750000,  ,  ,  341.608 
bubblesort_upd2 ; 0.372558593750000000, 0.333374023437500000,  ,  ,  21.634 
bubblesort_upd2 ; 3.304382324218750000, 2.835083007812500000,  ,  ,  341.51 
bubblesort_upd2 ; 3.543579101562500000, 2.998046875000000000,  ,  ,  361.616 
bubblesort_upd2 ; 0.358703613281250000, 0.331787109375000000,  ,  ,  21.472 
bubblesort_upd2 ; 3.260253906250000000, 2.778503417968750000,  ,  ,  341.852 
bubblesort_upd2 ; 0.368347167968750000, 0.331359863281250000,  ,  ,  21.697 
bubblesort_upd2 ; 3.213867187500000000, 2.755065917968750000,  ,  ,  331.525 
bubblesort_upd2 ; 0.372375488281250000, 0.334594726562500000,  ,  ,  21.46 
bubblesort_upd2 ; 1.677978515625000000, 1.443481445312500000,  ,  ,  161.723 
bubblesort_upd2 ; 1.828918457031250000, 1.581726074218750000,  ,  ,  181.575 
bubblesort_upd2 ; 3.506469726562500000, 2.994262695312500000,  ,  ,  361.65 
bubblesort_upd2 ; 0.360778808593750000, 0.334655761718750000,  ,  ,  21.45 
bubblesort_upd2 ; 3.228759765625000000, 2.756286621093750000,  ,  ,  331.51 
bubblesort_upd2 ; 1.845092773437500000, 1.597106933593750000,  ,  ,  181.504 
bubblesort_upd2 ; 0.376098632812500000, 0.335388183593750000,  ,  ,  21.444 
bubblesort_upd2 ; 3.206420898437500000, 2.748046875000000000,  ,  ,  331.509 
bubblesort_upd2 ; 3.503417968750000000, 2.990539550781250000,  ,  ,  361.501 
bubblesort_upd2 ; 0.356994628906250000, 0.330749511718750000,  ,  ,  21.493 
bubblesort_upd2 ; 1.576232910156250000, 1.357055664062500000,  ,  ,  151.691 
bubblesort_upd2 ; 1.834533691406250000, 1.583557128906250000,  ,  ,  181.498 
bubblesort_upd2 ; 3.395629882812500000, 2.901428222656250000,  ,  ,  351.979 
bubblesort_upd2 ; 0.369018554687500000, 0.333251953125000000,  ,  ,  21.527 
bubblesort_upd2 ; 1.655151367187500000, 1.431396484375000000,  ,  ,  161.511 
bubblesort_upd2 ; 1.758972167968750000, 1.513122558593750000,  ,  ,  171.559 
bubblesort_upd2 ; 3.517700195312500000, 3.002136230468750000,  ,  ,  361.476 
bubblesort_upd2 ; 0.358154296875000000, 0.333984375000000000,  ,  ,  21.511 
bubblesort_upd2 ; 3.314086914062500000, 2.830200195312500000,  ,  ,  341.656 
bubblesort_upd2 ; 1.842407226562500000, 1.594482421875000000,  ,  ,  181.518 
bubblesort_upd2 ; 3.419067382812500000, 2.921020507812500000,  ,  ,  351.521 
bubblesort_upd2 ; 0.360717773437500000, 0.335388183593750000,  ,  ,  21.522 
bubblesort_upd2 ; 1.666015625000000000, 1.433410644531250000,  ,  ,  161.521 
bubblesort_upd2 ; 3.489685058593750000, 2.991271972656250000,  ,  ,  361.642 
bubblesort_upd2 ; 0.371154785156250000, 0.334655761718750000,  ,  ,  21.622 
bubblesort_upd2 ; 3.237670898437500000, 2.765991210937500000,  ,  ,  331.532 
bubblesort_upd2 ; 0.356872558593750000, 0.332275390625000000,  ,  ,  21.496 
bubblesort_upd2 ; 1.661499023437500000, 1.428649902343750000,  ,  ,  161.632 
bubblesort_upd2 ; 5.137145996093750000, 4.387756347656250000,  ,  ,  541.703 
bubblesort_upd2 ; 0.374572753906250000, 0.336486816406250000,  ,  ,  21.513 
bubblesort_upd2 ; 3.113098144531250000, 2.667358398437500000,  ,  ,  321.531 
bubblesort_upd2 ; 0.371032714843750000, 0.333618164062500000,  ,  ,  21.529 
bubblesort_upd2 ; 3.318603515625000000, 2.832397460937500000,  ,  ,  341.494 
bubblesort_upd2 ; 0.356872558593750000, 0.331909179687500000,  ,  ,  21.495 
bubblesort_upd2 ; 3.220031738281250000, 2.749084472656250000,  ,  ,  331.751 
bubblesort_upd2 ; 0.355834960937500000, 0.331665039062500000,  ,  ,  21.514 
bubblesort_upd2 ; 3.327270507812500000, 2.841430664062500000,  ,  ,  341.518 
bubblesort_upd2 ; 0.357910156250000000, 0.332519531250000000,  ,  ,  21.516 
bubblesort_upd2 ; 1.663513183593750000, 1.429199218750000000,  ,  ,  161.486 
bubblesort_upd2 ; 5.069641113281250000, 4.331542968750000000,  ,  ,  531.564 
bubblesort_upd2 ; 0.368957519531250000, 0.330261230468750000,  ,  ,  21.49 
bubblesort_upd2 ; 1.652648925781250000, 1.431152343750000000,  ,  ,  161.523 
bubblesort_upd2 ; 3.406738281250000000, 2.907165527343750000,  ,  ,  351.69 
bubblesort_upd2 ; 0.371582031250000000, 0.333618164062500000,  ,  ,  21.449 
bubblesort_upd2 ; 1.651855468750000000, 1.431823730468750000,  ,  ,  161.5 
bubblesort_upd2 ; 3.550231933593750000, 3.004699707031250000,  ,  ,  361.998 
