bubblesort_Slow ; 0.954895019531250000, 0.806152343750000000,  ,  ,  113.098 
bubblesort_Slow ; 1.326599121093750000, 1.243652343750000000,  ,  ,  97.413 
bubblesort_Slow ; 1.593811035156250000, 1.510009765625000000,  ,  ,  97.714 
bubblesort_Slow ; 1.576843261718750000, 1.507019042968750000,  ,  ,  97.49 
bubblesort_Slow ; 1.598510742187500000, 1.509399414062500000,  ,  ,  97.356 
bubblesort_Slow ; 1.580139160156250000, 1.509338378906250000,  ,  ,  97.392 
bubblesort_Slow ; 1.588134765625000000, 1.514038085937500000,  ,  ,  97.21 
bubblesort_Slow ; 3.769409179687500000, 3.486877441406250000,  ,  ,  354.988 
bubblesort_Slow ; 3.928405761718750000, 3.616088867187500000,  ,  ,  372.126 
bubblesort_Slow ; 1.578063964843750000, 1.508361816406250000,  ,  ,  97.439 
bubblesort_Slow ; 3.255187988281250000, 3.028381347656250000,  ,  ,  294.503 
bubblesort_Slow ; 1.603271484375000000, 1.519592285156250000,  ,  ,  97.564 
bubblesort_Slow ; 3.275268554687500000, 3.039123535156250000,  ,  ,  294.998 
bubblesort_Slow ; 4.011474609375000000, 3.702514648437500000,  ,  ,  382.81 
bubblesort_Slow ; 1.587341308593750000, 1.514892578125000000,  ,  ,  97.296 
bubblesort_Slow ; 1.606689453125000000, 1.519348144531250000,  ,  ,  97.486 
bubblesort_Slow ; 4.062316894531250000, 3.757629394531250000,  ,  ,  388.325 
bubblesort_Slow ; 4.027954101562500000, 3.720703125000000000,  ,  ,  382.904 
bubblesort_Slow ; 1.587402343750000000, 1.513854980468750000,  ,  ,  97.271 
bubblesort_Slow ; 1.614624023437500000, 1.529113769531250000,  ,  ,  97.645 
bubblesort_Slow ; 4.161132812500000000, 3.861633300781250000,  ,  ,  387.628 
bubblesort_Slow ; 1.631958007812500000, 1.539428710937500000,  ,  ,  98.163 
bubblesort_Slow ; 3.301086425781250000, 3.067687988281250000,  ,  ,  297.252 
bubblesort_Slow ; 4.008544921875000000, 3.709533691406250000,  ,  ,  381.285 
bubblesort_Slow ; 1.605102539062500000, 1.530822753906250000,  ,  ,  97.245 
bubblesort_Slow ; 1.614685058593750000, 1.526916503906250000,  ,  ,  97.455 
bubblesort_Slow ; 4.180480957031250000, 3.801391601562500000,  ,  ,  390.137 
bubblesort_Slow ; 4.011718750000000000, 3.706909179687500000,  ,  ,  380.944 
bubblesort_Slow ; 1.595642089843750000, 1.521728515625000000,  ,  ,  97.301 
bubblesort_Slow ; 1.621520996093750000, 1.531738281250000000,  ,  ,  97.361 
bubblesort_Slow ; 4.105651855468750000, 3.803527832031250000,  ,  ,  390.693 
bubblesort_Slow ; 1.619873046875000000, 1.534912109375000000,  ,  ,  97.63 
bubblesort_Slow ; 4.831359863281250000, 4.449340820312500000,  ,  ,  473.905 
bubblesort_Slow ; 1.613586425781250000, 1.539794921875000000,  ,  ,  98.311 
bubblesort_Slow ; 3.301147460937500000, 3.061950683593750000,  ,  ,  294.871 
bubblesort_Slow ; 1.618347167968750000, 1.536254882812500000,  ,  ,  97.725 
bubblesort_Slow ; 3.307922363281250000, 3.071899414062500000,  ,  ,  295.098 
bubblesort_Slow ; 4.084106445312500000, 3.771118164062500000,  ,  ,  383.725 
bubblesort_Slow ; 1.699645996093750000, 1.608886718750000000,  ,  ,  129.767 
bubblesort_Slow ; 1.624633789062500000, 1.531188964843750000,  ,  ,  97.207 
bubblesort_Slow ; 4.065673828125000000, 3.760681152343750000,  ,  ,  384.159 
bubblesort_Slow ; 2.489013671875000000, 2.333435058593750000,  ,  ,  201.326 
bubblesort_Slow ; 2.352966308593750000, 2.199707031250000000,  ,  ,  182.673 
bubblesort_Slow ; 2.409118652343750000, 2.263183593750000000,  ,  ,  190.354 
bubblesort_Slow ; 2.518493652343750000, 2.350280761718750000,  ,  ,  201.73 
bubblesort_Slow ; 2.417480468750000000, 2.264343261718750000,  ,  ,  190.99 
bubblesort_Slow ; 4.186279296875000000, 3.880493164062500000,  ,  ,  394.713 
bubblesort_Slow ; 2.381591796875000000, 2.192626953125000000,  ,  ,  180.667 
bubblesort_Slow ; 4.159790039062500000, 3.829956054687500000,  ,  ,  391.803 
bubblesort_Slow ; 1.607604980468750000, 1.536621093750000000,  ,  ,  97.496 
bubblesort_Slow ; 1.690979003906250000, 1.603149414062500000,  ,  ,  104.819 
bubblesort_Slow ; 4.260437011718750000, 3.868408203125000000,  ,  ,  394.579 
bubblesort_Slow ; 2.334350585937500000, 2.182189941406250000,  ,  ,  180.669 
bubblesort_Slow ; 2.418395996093750000, 2.266235351562500000,  ,  ,  191.108 
bubblesort_Slow ; 4.266784667968750000, 3.890747070312500000,  ,  ,  393.427 
bubblesort_Slow ; 1.607910156250000000, 1.536254882812500000,  ,  ,  97.36 
bubblesort_Slow ; 3.310241699218750000, 3.080871582031250000,  ,  ,  295.551 
bubblesort_Slow ; 4.101806640625000000, 3.788696289062500000,  ,  ,  381.558 
bubblesort_Slow ; 1.608520507812500000, 1.535644531250000000,  ,  ,  97.456 
bubblesort_Slow ; 1.630737304687500000, 1.555236816406250000,  ,  ,  98.287 
bubblesort_Slow ; 2.505920410156250000, 2.337646484375000000,  ,  ,  200.613 
bubblesort_Slow ; 5.708862304687500000, 5.248413085937500000,  ,  ,  572.97 
bubblesort_Slow ; 1.615539550781250000, 1.539123535156250000,  ,  ,  97.167 
bubblesort_Slow ; 1.618652343750000000, 1.545043945312500000,  ,  ,  97.32 
bubblesort_Slow ; 2.539794921875000000, 2.368408203125000000,  ,  ,  201.5 
bubblesort_Slow ; 2.418395996093750000, 2.272338867187500000,  ,  ,  191.508 
bubblesort_Slow ; 5.713562011718750000, 5.245544433593750000,  ,  ,  573.796 
bubblesort_Slow ; 1.620727539062500000, 1.536621093750000000,  ,  ,  97.521 
bubblesort_Slow ; 3.301269531250000000, 3.074279785156250000,  ,  ,  295.62 
bubblesort_Slow ; 1.624694824218750000, 1.532348632812500000,  ,  ,  97.204 
bubblesort_Slow ; 3.295043945312500000, 3.072326660156250000,  ,  ,  295.874 
bubblesort_Slow ; 4.093994140625000000, 3.768859863281250000,  ,  ,  382.883 
bubblesort_Slow ; 1.677612304687500000, 1.536865234375000000,  ,  ,  97.393 
bubblesort_Slow ; 1.608642578125000000, 1.536071777343750000,  ,  ,  97.374 
bubblesort_Slow ; 4.131713867187500000, 3.814392089843750000,  ,  ,  388.755 
bubblesort_Slow ; 2.528381347656250000, 2.365173339843750000,  ,  ,  203.001 
bubblesort_Slow ; 2.352050781250000000, 2.200500488281250000,  ,  ,  180.628 
bubblesort_Slow ; 2.487792968750000000, 2.281616210937500000,  ,  ,  190.887 
bubblesort_Slow ; 2.525085449218750000, 2.352905273437500000,  ,  ,  201.474 
bubblesort_Slow ; 4.170593261718750000, 3.853759765625000000,  ,  ,  394.048 
bubblesort_Slow ; 3.957031250000000000, 3.661743164062500000,  ,  ,  371.111 
bubblesort_Slow ; 1.618530273437500000, 1.548034667968750000,  ,  ,  97.504 
bubblesort_Slow ; 1.699157714843750000, 1.616210937500000000,  ,  ,  105.157 
bubblesort_Slow ; 2.428771972656250000, 2.274963378906250000,  ,  ,  190.968 
bubblesort_Slow ; 2.532470703125000000, 2.380371093750000000,  ,  ,  204.786 
bubblesort_Slow ; 5.697814941406250000, 5.229492187500000000,  ,  ,  572.448 
bubblesort_Slow ; 1.637634277343750000, 1.564270019531250000,  ,  ,  98.33 
bubblesort_Slow ; 1.637207031250000000, 1.546691894531250000,  ,  ,  97.399 
bubblesort_Slow ; 4.137695312500000000, 3.822998046875000000,  ,  ,  390.984 
bubblesort_Slow ; 1.619567871093750000, 1.546997070312500000,  ,  ,  97.355 
bubblesort_Slow ; 3.313903808593750000, 3.084411621093750000,  ,  ,  295.428 
bubblesort_Slow ; 4.079040527343750000, 3.767639160156250000,  ,  ,  382.766 
bubblesort_Slow ; 1.645080566406250000, 1.563598632812500000,  ,  ,  97.899 
bubblesort_Slow ; 1.636108398437500000, 1.552734375000000000,  ,  ,  97.768 
bubblesort_Slow ; 4.142517089843750000, 3.824157714843750000,  ,  ,  389.723 
bubblesort_Slow ; 4.114074707031250000, 3.819458007812500000,  ,  ,  383.783 
bubblesort_Slow ; 1.630554199218750000, 1.537780761718750000,  ,  ,  97.233 
bubblesort_Slow ; 1.620910644531250000, 1.552062988281250000,  ,  ,  97.531 
bubblesort_Slow ; 4.239257812500000000, 3.870666503906250000,  ,  ,  389.276 
bubblesort_Slow ; 1.644165039062500000, 1.553527832031250000,  ,  ,  97.865 
bubblesort_Slow ; 3.348327636718750000, 3.110839843750000000,  ,  ,  296.161 
bubblesort_Slow ; 4.062744140625000000, 3.755187988281250000,  ,  ,  381.894 
bubblesort_Slow ; 1.655090332031250000, 1.564697265625000000,  ,  ,  97.442 
bubblesort_Slow ; 1.618896484375000000, 1.548583984375000000,  ,  ,  97.482 
bubblesort_Slow ; 4.161315917968750000, 3.837768554687500000,  ,  ,  390.561 
bubblesort_Slow ; 4.071411132812500000, 3.759826660156250000,  ,  ,  381.747 
bubblesort_Slow ; 1.617797851562500000, 1.544921875000000000,  ,  ,  97.317 
bubblesort_Slow ; 3.322937011718750000, 3.094360351562500000,  ,  ,  295.623 
bubblesort_Slow ; 1.650756835937500000, 1.563110351562500000,  ,  ,  98.605 
bubblesort_Slow ; 3.325134277343750000, 3.093261718750000000,  ,  ,  295.363 
bubblesort_Slow ; 4.080139160156250000, 3.761596679687500000,  ,  ,  382.361 
bubblesort_Slow ; 1.613037109375000000, 1.540588378906250000,  ,  ,  97.436 
bubblesort_Slow ; 1.642761230468750000, 1.561401367187500000,  ,  ,  97.906 
bubblesort_Slow ; 4.145080566406250000, 3.834472656250000000,  ,  ,  391.282 
bubblesort_Slow ; 4.073547363281250000, 3.755187988281250000,  ,  ,  381.381 
bubblesort_Slow ; 1.618591308593750000, 1.547546386718750000,  ,  ,  97.464 
bubblesort_Slow ; 1.642639160156250000, 1.557434082031250000,  ,  ,  97.655 
bubblesort_Slow ; 4.135192871093750000, 3.829345703125000000,  ,  ,  389.56 
bubblesort_Slow ; 1.628845214843750000, 1.557373046875000000,  ,  ,  97.49 
bubblesort_Slow ; 3.316162109375000000, 3.084716796875000000,  ,  ,  294.368 
bubblesort_Slow ; 4.105346679687500000, 3.782226562500000000,  ,  ,  383.239 
bubblesort_Slow ; 1.613952636718750000, 1.546752929687500000,  ,  ,  97.752 
bubblesort_Slow ; 1.640441894531250000, 1.547790527343750000,  ,  ,  97.327 
bubblesort_Slow ; 4.134582519531250000, 3.826354980468750000,  ,  ,  389.35 
bubblesort_Slow ; 2.615051269531250000, 2.450561523437500000,  ,  ,  201.942 
bubblesort_Slow ; 4.006164550781250000, 3.698852539062500000,  ,  ,  372.729 
bubblesort_Slow ; 1.636108398437500000, 1.563598632812500000,  ,  ,  97.386 
bubblesort_Slow ; 3.329650878906250000, 3.096130371093750000,  ,  ,  295.331 
bubblesort_Slow ; 1.681152343750000000, 1.551391601562500000,  ,  ,  97.722 
bubblesort_Slow ; 4.933898925781250000, 4.518493652343750000,  ,  ,  476.636 
bubblesort_Slow ; 1.638061523437500000, 1.568908691406250000,  ,  ,  98.656 
bubblesort_Slow ; 1.692687988281250000, 1.603393554687500000,  ,  ,  103.755 
bubblesort_Slow ; 2.457824707031250000, 2.295166015625000000,  ,  ,  191.64 
bubblesort_Slow ; 2.521728515625000000, 2.365478515625000000,  ,  ,  201.413 
bubblesort_Slow ; 4.197021484375000000, 3.872375488281250000,  ,  ,  394.887 
bubblesort_Slow ; 2.411010742187500000, 2.192871093750000000,  ,  ,  180.509 
bubblesort_Slow ; 2.434814453125000000, 2.276123046875000000,  ,  ,  190.843 
bubblesort_Slow ; 2.517028808593750000, 2.353698730468750000,  ,  ,  201.006 
bubblesort_Slow ; 4.164306640625000000, 3.848327636718750000,  ,  ,  393.044 
bubblesort_Slow ; 3.978393554687500000, 3.685363769531250000,  ,  ,  371.482 
bubblesort_Slow ; 1.614746093750000000, 1.539978027343750000,  ,  ,  97.294 
bubblesort_Slow ; 3.355529785156250000, 3.109802246093750000,  ,  ,  296.701 
bubblesort_Slow ; 1.620727539062500000, 1.546997070312500000,  ,  ,  97.349 
bubblesort_Slow ; 3.334411621093750000, 3.087890625000000000,  ,  ,  295.555 
bubblesort_Slow ; 4.068664550781250000, 3.753173828125000000,  ,  ,  381.648 
bubblesort_Slow ; 1.628112792968750000, 1.560913085937500000,  ,  ,  98.804 
bubblesort_Slow ; 1.642456054687500000, 1.551513671875000000,  ,  ,  97.42 
bubblesort_Slow ; 4.130859375000000000, 3.822937011718750000,  ,  ,  389.419 
bubblesort_Slow ; 4.073730468750000000, 3.767028808593750000,  ,  ,  382.144 
bubblesort_Slow ; 1.629577636718750000, 1.538391113281250000,  ,  ,  97.32 
bubblesort_Slow ; 1.679565429687500000, 1.549682617187500000,  ,  ,  97.343 
bubblesort_Slow ; 4.172790527343750000, 3.850158691406250000,  ,  ,  391.382 
bubblesort_Slow ; 1.649963378906250000, 1.559936523437500000,  ,  ,  98.45 
bubblesort_Slow ; 3.400024414062500000, 3.094604492187500000,  ,  ,  294.809 
bubblesort_Slow ; 2.369201660156250000, 2.216369628906250000,  ,  ,  183.094 
bubblesort_Slow ; 4.172973632812500000, 3.859069824218750000,  ,  ,  392.244 
bubblesort_Slow ; 1.616271972656250000, 1.540832519531250000,  ,  ,  97.255 
bubblesort_Slow ; 3.353271484375000000, 3.113708496093750000,  ,  ,  296.064 
bubblesort_Slow ; 4.095520019531250000, 3.783081054687500000,  ,  ,  383 
bubblesort_Slow ; 1.631713867187500000, 1.545043945312500000,  ,  ,  97.641 
bubblesort_Slow ; 1.639709472656250000, 1.557128906250000000,  ,  ,  97.886 
bubblesort_Slow ; 4.144287109375000000, 3.821105957031250000,  ,  ,  388.6 
bubblesort_Slow ; 1.616394042968750000, 1.545471191406250000,  ,  ,  97.531 
bubblesort_Slow ; 3.342651367187500000, 3.103088378906250000,  ,  ,  297.15 
bubblesort_Slow ; 4.070556640625000000, 3.765869140625000000,  ,  ,  382.311 
bubblesort_Slow ; 1.618286132812500000, 1.546142578125000000,  ,  ,  97.456 
bubblesort_Slow ; 1.642639160156250000, 1.570190429687500000,  ,  ,  97.47 
bubblesort_Slow ; 4.162353515625000000, 3.838684082031250000,  ,  ,  390.762 
bubblesort_Slow ; 2.547668457031250000, 2.373779296875000000,  ,  ,  201.414 
bubblesort_Slow ; 3.970092773437500000, 3.683166503906250000,  ,  ,  370.758 
bubblesort_Slow ; 1.629211425781250000, 1.541015625000000000,  ,  ,  97.554 
bubblesort_Slow ; 3.332763671875000000, 3.094665527343750000,  ,  ,  296.26 
bubblesort_Slow ; 1.642333984375000000, 1.550292968750000000,  ,  ,  97.349 
bubblesort_Slow ; 3.335205078125000000, 3.097656250000000000,  ,  ,  296.185 
bubblesort_Slow ; 4.093933105468750000, 3.788574218750000000,  ,  ,  384.428 
bubblesort_Slow ; 1.645996093750000000, 1.568481445312500000,  ,  ,  98.169 
bubblesort_Slow ; 1.636840820312500000, 1.552551269531250000,  ,  ,  97.765 
bubblesort_Slow ; 4.128723144531250000, 3.815734863281250000,  ,  ,  388.18 
bubblesort_Slow ; 4.105468750000000000, 3.789245605468750000,  ,  ,  383.779 
bubblesort_Slow ; 1.643188476562500000, 1.554809570312500000,  ,  ,  97.537 
bubblesort_Slow ; 1.613464355468750000, 1.537475585937500000,  ,  ,  97.276 
bubblesort_Slow ; 4.156921386718750000, 3.811584472656250000,  ,  ,  389.963 
bubblesort_Slow ; 4.154296875000000000, 3.798156738281250000,  ,  ,  382.748 
bubblesort_Slow ; 1.609558105468750000, 1.537780761718750000,  ,  ,  97.45 
bubblesort_Slow ; 1.637207031250000000, 1.547119140625000000,  ,  ,  97.514 
bubblesort_Slow ; 2.492431640625000000, 2.336975097656250000,  ,  ,  198.364 
bubblesort_Slow ; 2.428222656250000000, 2.272460937500000000,  ,  ,  191.066 
bubblesort_Slow ; 5.745483398437500000, 5.278564453125000000,  ,  ,  572.977 
bubblesort_Slow ; 1.702087402343750000, 1.619262695312500000,  ,  ,  97.714 
bubblesort_Slow ; 1.673950195312500000, 1.600219726562500000,  ,  ,  104.734 
bubblesort_Slow ; 2.440002441406250000, 2.282531738281250000,  ,  ,  190.987 
bubblesort_Slow ; 2.533996582031250000, 2.357788085937500000,  ,  ,  201.319 
bubblesort_Slow ; 4.219055175781250000, 3.892944335937500000,  ,  ,  395.937 
bubblesort_Slow ; 2.346557617187500000, 2.195739746093750000,  ,  ,  180.875 
bubblesort_Slow ; 2.431213378906250000, 2.277587890625000000,  ,  ,  191.174 
bubblesort_Slow ; 4.163940429687500000, 3.848571777343750000,  ,  ,  393.488 
bubblesort_Slow ; 1.632141113281250000, 1.543090820312500000,  ,  ,  97.488 
bubblesort_Slow ; 3.318054199218750000, 3.089782714843750000,  ,  ,  295.781 
bubblesort_Slow ; 4.072753906250000000, 3.751892089843750000,  ,  ,  381.345 
bubblesort_Slow ; 1.604492187500000000, 1.532836914062500000,  ,  ,  97.529 
bubblesort_Slow ; 1.675720214843750000, 1.581298828125000000,  ,  ,  100.42 
bubblesort_Slow ; 4.132385253906250000, 3.815856933593750000,  ,  ,  387.942 
bubblesort_Slow ; 4.214172363281250000, 3.916748046875000000,  ,  ,  381.677 
bubblesort_Slow ; 1.660644531250000000, 1.530700683593750000,  ,  ,  97.286 
bubblesort_Slow ; 1.675170898437500000, 1.566650390625000000,  ,  ,  99.284 
bubblesort_Slow ; 4.195495605468750000, 3.819763183593750000,  ,  ,  388.471 
bubblesort_Slow ; 1.620422363281250000, 1.538940429687500000,  ,  ,  97.9 
bubblesort_Slow ; 3.342041015625000000, 3.084106445312500000,  ,  ,  294.616 
bubblesort_Slow ; 4.103088378906250000, 3.775146484375000000,  ,  ,  382.191 
bubblesort_Slow ; 1.631164550781250000, 1.537658691406250000,  ,  ,  97.556 
bubblesort_Slow ; 1.617614746093750000, 1.543884277343750000,  ,  ,  97.704 
bubblesort_Slow ; 4.169189453125000000, 3.824951171875000000,  ,  ,  388.527 
bubblesort_Slow ; 4.109252929687500000, 3.778808593750000000,  ,  ,  382.038 
bubblesort_Slow ; 1.608520507812500000, 1.530944824218750000,  ,  ,  97.467 
bubblesort_Slow ; 1.636657714843750000, 1.536987304687500000,  ,  ,  97.234 
bubblesort_Slow ; 4.261962890625000000, 3.854492187500000000,  ,  ,  390.101 
bubblesort_Slow ; 2.535949707031250000, 2.363891601562500000,  ,  ,  203.268 
bubblesort_Slow ; 4.086975097656250000, 3.755371093750000000,  ,  ,  380.944 
bubblesort_Slow ; 1.628417968750000000, 1.535522460937500000,  ,  ,  97.56 
bubblesort_Slow ; 1.616577148437500000, 1.541076660156250000,  ,  ,  97.58 
bubblesort_Slow ; 4.186218261718750000, 3.849975585937500000,  ,  ,  389.243 
bubblesort_Slow ; 4.089599609375000000, 3.754272460937500000,  ,  ,  381.649 
bubblesort_Slow ; 1.613464355468750000, 1.534729003906250000,  ,  ,  97.42 
bubblesort_Slow ; 1.617370605468750000, 1.541992187500000000,  ,  ,  97.656 
bubblesort_Slow ; 4.196472167968750000, 3.851135253906250000,  ,  ,  389.666 
bubblesort_Slow ; 1.633178710937500000, 1.541809082031250000,  ,  ,  97.719 
bubblesort_Slow ; 3.359069824218750000, 3.093933105468750000,  ,  ,  294.237 
bubblesort_Slow ; 4.185363769531250000, 3.812072753906250000,  ,  ,  382.682 
bubblesort_Slow ; 1.627990722656250000, 1.530456542968750000,  ,  ,  97.328 
bubblesort_Slow ; 1.656311035156250000, 1.566284179687500000,  ,  ,  99.952 
bubblesort_Slow ; 4.137817382812500000, 3.812438964843750000,  ,  ,  387.728 
bubblesort_Slow ; 2.534362792968750000, 2.356933593750000000,  ,  ,  201.9 
bubblesort_Slow ; 2.370788574218750000, 2.200195312500000000,  ,  ,  180.286 
bubblesort_Slow ; 2.467163085937500000, 2.306274414062500000,  ,  ,  193.483 
bubblesort_Slow ; 2.547790527343750000, 2.361999511718750000,  ,  ,  201.49 
bubblesort_Slow ; 2.519836425781250000, 2.282836914062500000,  ,  ,  190.946 
bubblesort_Slow ; 4.187072753906250000, 3.853820800781250000,  ,  ,  391.541 
bubblesort_Slow ; 2.376464843750000000, 2.214721679687500000,  ,  ,  182.937 
bubblesort_Slow ; 2.528442382812500000, 2.351867675781250000,  ,  ,  200.994 
bubblesort_Slow ; 2.455932617187500000, 2.278808593750000000,  ,  ,  191.44 
bubblesort_Slow ; 4.187194824218750000, 3.849975585937500000,  ,  ,  393.298 
bubblesort_Slow ; 4.138183593750000000, 3.805297851562500000,  ,  ,  384.124 
bubblesort_Slow ; 1.627014160156250000, 1.538330078125000000,  ,  ,  97.795 
bubblesort_Slow ; 1.630859375000000000, 1.555969238281250000,  ,  ,  98.703 
bubblesort_Slow ; 4.162048339843750000, 3.811828613281250000,  ,  ,  387.276 
bubblesort_Slow ; 1.611450195312500000, 1.530883789062500000,  ,  ,  97.314 
bubblesort_Slow ; 3.406372070312500000, 3.152770996093750000,  ,  ,  296.36 
bubblesort_Slow ; 4.101745605468750000, 3.763488769531250000,  ,  ,  381.564 
bubblesort_Slow ; 1.606811523437500000, 1.528747558593750000,  ,  ,  97.388 
bubblesort_Slow ; 1.634155273437500000, 1.541320800781250000,  ,  ,  97.662 
bubblesort_Slow ; 4.183105468750000000, 3.850341796875000000,  ,  ,  389.467 
bubblesort_Slow ; 4.100097656250000000, 3.765014648437500000,  ,  ,  381.903 
bubblesort_Slow ; 1.633239746093750000, 1.537414550781250000,  ,  ,  97.471 
bubblesort_Slow ; 1.624145507812500000, 1.546813964843750000,  ,  ,  97.522 
bubblesort_Slow ; 2.545104980468750000, 2.360351562500000000,  ,  ,  200.604 
bubblesort_Slow ; 4.192565917968750000, 3.854675292968750000,  ,  ,  391.272 
bubblesort_Slow ; 2.362915039062500000, 2.191833496093750000,  ,  ,  180.274 
bubblesort_Slow ; 2.425170898437500000, 2.272705078125000000,  ,  ,  190.879 
bubblesort_Slow ; 4.255371093750000000, 3.875976562500000000,  ,  ,  405.806 
bubblesort_Slow ; 0.931762695312500000, 0.764404296875000000,  ,  ,  203.067 
bubblesort_Slow ; 3.373168945312500000, 2.898620605468750000,  ,  ,  367.761 
bubblesort_Slow ; 2.609680175781250000, 2.396057128906250000,  ,  ,  188.025 
bubblesort_Slow ; 2.640747070312500000, 2.326538085937500000,  ,  ,  191.881 
bubblesort_Slow ; 2.543762207031250000, 2.275390625000000000,  ,  ,  191.109 
bubblesort_Slow ; 2.653564453125000000, 2.367187500000000000,  ,  ,  201.912 
bubblesort_Slow ; 6.085205078125000000, 5.278137207031250000,  ,  ,  573.261 
bubblesort_Slow ; 1.692626953125000000, 1.557617187500000000,  ,  ,  98.117 
bubblesort_Slow ; 1.695495605468750000, 1.546813964843750000,  ,  ,  97.505 
bubblesort_Slow ; 4.382141113281250000, 3.828857421875000000,  ,  ,  388.893 
bubblesort_Slow ; 1.665039062500000000, 1.535217285156250000,  ,  ,  97.528 
bubblesort_Slow ; 3.536560058593750000, 3.115112304687500000,  ,  ,  296.93 
bubblesort_Slow ; 4.293212890625000000, 3.756713867187500000,  ,  ,  381.182 
bubblesort_Slow ; 1.694641113281250000, 1.544189453125000000,  ,  ,  97.429 
bubblesort_Slow ; 1.675231933593750000, 1.543029785156250000,  ,  ,  97.392 
bubblesort_Slow ; 4.945251464843750000, 4.376586914062500000,  ,  ,  398.892 
bubblesort_Slow ; 4.320434570312500000, 3.770568847656250000,  ,  ,  381.455 
bubblesort_Slow ; 1.667907714843750000, 1.534057617187500000,  ,  ,  97.231 
bubblesort_Slow ; 1.676879882812500000, 1.543518066406250000,  ,  ,  97.287 
bubblesort_Slow ; 4.410095214843750000, 3.847167968750000000,  ,  ,  391.569 
bubblesort_Slow ; 1.668884277343750000, 1.535827636718750000,  ,  ,  97.22 
bubblesort_Slow ; 3.510253906250000000, 3.090148925781250000,  ,  ,  295.93 
bubblesort_Slow ; 4.391540527343750000, 3.848693847656250000,  ,  ,  381.863 
bubblesort_Slow ; 1.664978027343750000, 1.532775878906250000,  ,  ,  97.379 
bubblesort_Slow ; 1.676330566406250000, 1.543395996093750000,  ,  ,  97.172 
bubblesort_Slow ; 4.423461914062500000, 3.864929199218750000,  ,  ,  391.863 
bubblesort_Slow ; 4.356201171875000000, 3.771362304687500000,  ,  ,  381.496 
bubblesort_Slow ; 1.695190429687500000, 1.562316894531250000,  ,  ,  98.408 
bubblesort_Slow ; 1.681762695312500000, 1.547668457031250000,  ,  ,  97.218 
bubblesort_Slow ; 4.413330078125000000, 3.864685058593750000,  ,  ,  390.196 
bubblesort_Slow ; 4.337951660156250000, 3.791259765625000000,  ,  ,  382.713 
bubblesort_Slow ; 1.678527832031250000, 1.542968750000000000,  ,  ,  98.247 
bubblesort_Slow ; 1.702697753906250000, 1.552734375000000000,  ,  ,  97.296 
bubblesort_Slow ; 4.395446777343750000, 3.843017578125000000,  ,  ,  390.032 
bubblesort_Slow ; 1.695495605468750000, 1.562438964843750000,  ,  ,  98.285 
bubblesort_Slow ; 3.509338378906250000, 3.091857910156250000,  ,  ,  295.055 
bubblesort_Slow ; 4.332214355468750000, 3.782165527343750000,  ,  ,  382.54 
bubblesort_Slow ; 1.678100585937500000, 1.545104980468750000,  ,  ,  97.359 
bubblesort_Slow ; 1.669677734375000000, 1.540649414062500000,  ,  ,  97.421 
bubblesort_Slow ; 4.392333984375000000, 3.836486816406250000,  ,  ,  388.771 
bubblesort_Slow ; 4.322631835937500000, 3.782165527343750000,  ,  ,  384.125 
bubblesort_Slow ; 1.709716796875000000, 1.554504394531250000,  ,  ,  98.262 
bubblesort_Slow ; 1.682983398437500000, 1.548522949218750000,  ,  ,  97.206 
bubblesort_Slow ; 4.391113281250000000, 3.839904785156250000,  ,  ,  388.892 
bubblesort_Slow ; 1.699279785156250000, 1.556823730468750000,  ,  ,  98.853 
bubblesort_Slow ; 3.495178222656250000, 3.094299316406250000,  ,  ,  293.778 
bubblesort_Slow ; 2.457641601562500000, 2.192138671875000000,  ,  ,  180.454 
bubblesort_Slow ; 2.656311035156250000, 2.369750976562500000,  ,  ,  202.045 
bubblesort_Slow ; 2.556091308593750000, 2.283447265625000000,  ,  ,  190.902 
bubblesort_Slow ; 2.668334960937500000, 2.390625000000000000,  ,  ,  204.723 
bubblesort_Slow ; 6.085266113281250000, 5.261474609375000000,  ,  ,  571.209 
bubblesort_Slow ; 1.669433593750000000, 1.535766601562500000,  ,  ,  97.338 
bubblesort_Slow ; 1.690856933593750000, 1.546325683593750000,  ,  ,  97.668 
bubblesort_Slow ; 4.406555175781250000, 3.864562988281250000,  ,  ,  390.61 
bubblesort_Slow ; 1.708068847656250000, 1.563293457031250000,  ,  ,  98.752 
bubblesort_Slow ; 5.168579101562500000, 4.494384765625000000,  ,  ,  473.898 
bubblesort_Slow ; 1.702819824218750000, 1.557434082031250000,  ,  ,  98.606 
bubblesort_Slow ; 3.512145996093750000, 3.102539062500000000,  ,  ,  295.413 
bubblesort_Slow ; 1.667297363281250000, 1.534729003906250000,  ,  ,  97.357 
bubblesort_Slow ; 3.528869628906250000, 3.101013183593750000,  ,  ,  295.441 
bubblesort_Slow ; 2.667419433593750000, 2.383605957031250000,  ,  ,  202.251 
bubblesort_Slow ; 2.477783203125000000, 2.222778320312500000,  ,  ,  182.148 
bubblesort_Slow ; 4.425292968750000000, 3.872680664062500000,  ,  ,  392.187 
bubblesort_Slow ; 1.694396972656250000, 1.547851562500000000,  ,  ,  97.587 
bubblesort_Slow ; 5.320739746093750000, 4.633300781250000000,  ,  ,  485.958 
bubblesort_Slow ; 1.672058105468750000, 1.543884277343750000,  ,  ,  97.511 
bubblesort_Slow ; 1.709716796875000000, 1.566772460937500000,  ,  ,  97.891 
bubblesort_Slow ; 4.351257324218750000, 3.769714355468750000,  ,  ,  379.417 
bubblesort_Slow ; 1.686584472656250000, 1.559631347656250000,  ,  ,  98.764 
bubblesort_Slow ; 5.346252441406250000, 4.630798339843750000,  ,  ,  485.31 
bubblesort_Slow ; 1.671020507812500000, 1.539428710937500000,  ,  ,  97.396 
bubblesort_Slow ; 1.697631835937500000, 1.547912597656250000,  ,  ,  97.4 
bubblesort_Slow ; 4.392761230468750000, 3.851501464843750000,  ,  ,  389.571 
bubblesort_Slow ; 1.695495605468750000, 1.547241210937500000,  ,  ,  97.527 
bubblesort_Slow ; 5.231140136718750000, 4.556701660156250000,  ,  ,  476.935 
bubblesort_Slow ; 1.672119140625000000, 1.539306640625000000,  ,  ,  97.381 
bubblesort_Slow ; 1.759033203125000000, 1.609741210937500000,  ,  ,  104.968 
bubblesort_Slow ; 2.606628417968750000, 2.338745117187500000,  ,  ,  191.243 
bubblesort_Slow ; 2.703002929687500000, 2.401855468750000000,  ,  ,  203.345 
bubblesort_Slow ; 4.484741210937500000, 3.938049316406250000,  ,  ,  392.36 
bubblesort_Slow ; 4.234985351562500000, 3.704589843750000000,  ,  ,  370.632 
bubblesort_Slow ; 1.687744140625000000, 1.554626464843750000,  ,  ,  98.36 
bubblesort_Slow ; 3.581542968750000000, 3.130981445312500000,  ,  ,  296.167 
bubblesort_Slow ; 1.700134277343750000, 1.555847167968750000,  ,  ,  97.802 
bubblesort_Slow ; 3.514038085937500000, 3.100036621093750000,  ,  ,  294.216 
bubblesort_Slow ; 4.377624511718750000, 3.825805664062500000,  ,  ,  383.41 
bubblesort_Slow ; 1.671203613281250000, 1.540832519531250000,  ,  ,  97.491 
bubblesort_Slow ; 1.701171875000000000, 1.553039550781250000,  ,  ,  97.559 
bubblesort_Slow ; 4.404846191406250000, 3.858337402343750000,  ,  ,  388.148 
bubblesort_Slow ; 4.337890625000000000, 3.800292968750000000,  ,  ,  384.358 
bubblesort_Slow ; 1.719299316406250000, 1.546997070312500000,  ,  ,  97.506 
bubblesort_Slow ; 1.688049316406250000, 1.546569824218750000,  ,  ,  97.257 
bubblesort_Slow ; 4.416015625000000000, 3.865173339843750000,  ,  ,  389.016 
bubblesort_Slow ; 1.673400878906250000, 1.541687011718750000,  ,  ,  97.361 
bubblesort_Slow ; 5.240905761718750000, 4.559326171875000000,  ,  ,  476.496 
bubblesort_Slow ; 1.672119140625000000, 1.541259765625000000,  ,  ,  97.493 
bubblesort_Slow ; 3.533142089843750000, 3.109924316406250000,  ,  ,  295.753 
bubblesort_Slow ; 1.757995605468750000, 1.610473632812500000,  ,  ,  99.702 
bubblesort_Slow ; 1.747131347656250000, 1.604248046875000000,  ,  ,  104.254 
bubblesort_Slow ; 4.434692382812500000, 3.887023925781250000,  ,  ,  393.48 
bubblesort_Slow ; 2.611633300781250000, 2.349731445312500000,  ,  ,  180.711 
bubblesort_Slow ; 2.563415527343750000, 2.288879394531250000,  ,  ,  190.69 
bubblesort_Slow ; 2.651428222656250000, 2.368713378906250000,  ,  ,  201.048 
bubblesort_Slow ; 4.444396972656250000, 3.886047363281250000,  ,  ,  395.013 
bubblesort_Slow ; 4.220397949218750000, 3.706359863281250000,  ,  ,  371.611 
bubblesort_Slow ; 1.693786621093750000, 1.549316406250000000,  ,  ,  97.6 
bubblesort_Slow ; 3.546508789062500000, 3.130981445312500000,  ,  ,  297.229 
bubblesort_Slow ; 1.688781738281250000, 1.542175292968750000,  ,  ,  97.573 
bubblesort_Slow ; 3.526672363281250000, 3.110473632812500000,  ,  ,  295.111 
bubblesort_Slow ; 2.456542968750000000, 2.203735351562500000,  ,  ,  180.164 
bubblesort_Slow ; 2.669311523437500000, 2.373352050781250000,  ,  ,  201.491 
bubblesort_Slow ; 2.589355468750000000, 2.315734863281250000,  ,  ,  192.967 
bubblesort_Slow ; 2.655639648437500000, 2.369506835937500000,  ,  ,  202.02 
bubblesort_Slow ; 4.396423339843750000, 3.858764648437500000,  ,  ,  390.757 
bubblesort_Slow ; 2.471984863281250000, 2.199645996093750000,  ,  ,  180.081 
bubblesort_Slow ; 2.573303222656250000, 2.310119628906250000,  ,  ,  192.522 
bubblesort_Slow ; 2.646850585937500000, 2.368713378906250000,  ,  ,  201.412 
bubblesort_Slow ; 4.416198730468750000, 3.856018066406250000,  ,  ,  392.926 
bubblesort_Slow ; 4.215209960937500000, 3.693725585937500000,  ,  ,  370.795 
bubblesort_Slow ; 1.695373535156250000, 1.559387207031250000,  ,  ,  98.174 
bubblesort_Slow ; 3.538269042968750000, 3.120788574218750000,  ,  ,  296.129 
bubblesort_Slow ; 1.675292968750000000, 1.546020507812500000,  ,  ,  97.476 
bubblesort_Slow ; 3.532409667968750000, 3.121276855468750000,  ,  ,  295.404 
bubblesort_Slow ; 2.680175781250000000, 2.383544921875000000,  ,  ,  202.497 
bubblesort_Slow ; 4.249145507812500000, 3.718078613281250000,  ,  ,  371.68 
bubblesort_Slow ; 1.686279296875000000, 1.559936523437500000,  ,  ,  97.734 
bubblesort_Slow ; 1.756713867187500000, 1.606628417968750000,  ,  ,  103.893 
bubblesort_Slow ; 2.565673828125000000, 2.294677734375000000,  ,  ,  191.019 
bubblesort_Slow ; 4.484375000000000000, 3.932067871093750000,  ,  ,  393.182 
bubblesort_Slow ; 2.467285156250000000, 2.203735351562500000,  ,  ,  180.461 
bubblesort_Slow ; 2.646484375000000000, 2.370910644531250000,  ,  ,  201.583 
bubblesort_Slow ; 4.432006835937500000, 3.864990234375000000,  ,  ,  392.266 
bubblesort_Slow ; 1.719543457031250000, 1.581604003906250000,  ,  ,  99.239 
bubblesort_Slow ; 3.693359375000000000, 3.246826171875000000,  ,  ,  294.959 
bubblesort_Slow ; 4.215454101562500000, 3.697387695312500000,  ,  ,  370.6 
bubblesort_Slow ; 1.670593261718750000, 1.541503906250000000,  ,  ,  97.51 
bubblesort_Slow ; 1.765380859375000000, 1.613830566406250000,  ,  ,  104.832 
bubblesort_Slow ; 4.454833984375000000, 3.902404785156250000,  ,  ,  393.22 
bubblesort_Slow ; 4.226318359375000000, 3.700134277343750000,  ,  ,  370.836 
bubblesort_Slow ; 1.698608398437500000, 1.555908203125000000,  ,  ,  97.682 
bubblesort_Slow ; 1.747558593750000000, 1.605102539062500000,  ,  ,  104.385 
bubblesort_upd ; 0.933898925781250000, 0.808959960937500000,  ,  ,  82.607 
bubblesort_upd ; 1.436157226562500000, 1.305725097656250000,  ,  ,  82.16 
bubblesort_upd ; 1.439697265625000000, 1.327880859375000000,  ,  ,  83.356 
bubblesort_upd ; 1.491638183593750000, 1.372924804687500000,  ,  ,  81.905 
bubblesort_upd ; 3.556396484375000000, 3.128112792968750000,  ,  ,  311.706 
bubblesort_upd ; 1.427307128906250000, 1.310729980468750000,  ,  ,  82.064 
bubblesort_upd ; 3.458068847656250000, 3.040893554687500000,  ,  ,  301.485 
bubblesort_upd ; 1.423645019531250000, 1.307983398437500000,  ,  ,  82.025 
bubblesort_upd ; 3.501037597656250000, 3.065673828125000000,  ,  ,  304.787 
bubblesort_upd ; 1.424926757812500000, 1.307434082031250000,  ,  ,  81.968 
bubblesort_upd ; 3.468688964843750000, 3.044860839843750000,  ,  ,  303.225 
bubblesort_upd ; 1.442443847656250000, 1.330749511718750000,  ,  ,  83.391 
bubblesort_upd ; 3.526428222656250000, 3.086669921875000000,  ,  ,  303.408 
bubblesort_upd ; 4.025512695312500000, 3.521362304687500000,  ,  ,  363.525 
bubblesort_upd ; 1.420776367187500000, 1.300109863281250000,  ,  ,  81.815 
bubblesort_upd ; 3.485351562500000000, 3.060485839843750000,  ,  ,  304.219 
bubblesort_upd ; 1.416503906250000000, 1.297424316406250000,  ,  ,  81.939 
bubblesort_upd ; 3.549255371093750000, 3.105834960937500000,  ,  ,  305.249 
bubblesort_upd ; 1.418945312500000000, 1.314331054687500000,  ,  ,  82.715 
bubblesort_upd ; 1.647949218750000000, 1.487487792968750000,  ,  ,  105.443 
bubblesort_upd ; 4.241455078125000000, 3.695922851562500000,  ,  ,  383.885 
bubblesort_upd ; 1.422790527343750000, 1.314697265625000000,  ,  ,  82.421 
bubblesort_upd ; 1.661865234375000000, 1.503967285156250000,  ,  ,  105.551 
bubblesort_upd ; 5.908142089843750000, 5.114318847656250000,  ,  ,  562.984 
bubblesort_upd ; 1.419555664062500000, 1.303466796875000000,  ,  ,  82.056 
bubblesort_upd ; 3.472534179687500000, 3.055786132812500000,  ,  ,  303.588 
bubblesort_upd ; 1.432006835937500000, 1.312927246093750000,  ,  ,  82.991 
bubblesort_upd ; 3.499084472656250000, 3.060668945312500000,  ,  ,  304.467 
bubblesort_upd ; 1.427673339843750000, 1.309448242187500000,  ,  ,  82.134 
bubblesort_upd ; 3.495971679687500000, 3.046264648437500000,  ,  ,  303.489 
bubblesort_upd ; 1.420043945312500000, 1.305664062500000000,  ,  ,  82.051 
bubblesort_upd ; 3.508850097656250000, 3.069580078125000000,  ,  ,  303.419 
bubblesort_upd ; 1.420349121093750000, 1.304931640625000000,  ,  ,  82.034 
bubblesort_upd ; 1.645874023437500000, 1.500305175781250000,  ,  ,  106.315 
bubblesort_upd ; 4.236450195312500000, 3.689514160156250000,  ,  ,  385.82 
bubblesort_upd ; 4.051147460937500000, 3.535827636718750000,  ,  ,  366.225 
bubblesort_upd ; 1.419921875000000000, 1.310180664062500000,  ,  ,  82.131 
bubblesort_upd ; 3.555236816406250000, 3.091369628906250000,  ,  ,  303.971 
bubblesort_upd ; 1.414428710937500000, 1.300476074218750000,  ,  ,  82.137 
bubblesort_upd ; 1.738281250000000000, 1.578674316406250000,  ,  ,  116.323 
bubblesort_upd ; 4.156677246093750000, 3.623535156250000000,  ,  ,  374.747 
bubblesort_upd ; 1.399475097656250000, 1.300292968750000000,  ,  ,  81.878 
bubblesort_upd ; 1.774536132812500000, 1.604248046875000000,  ,  ,  116.692 
bubblesort_upd ; 4.242797851562500000, 3.702453613281250000,  ,  ,  385.026 
bubblesort_upd ; 2.415039062500000000, 2.141723632812500000,  ,  ,  187.528 
bubblesort_upd ; 4.157714843750000000, 3.640014648437500000,  ,  ,  376.734 
bubblesort_upd ; 1.416015625000000000, 1.299194335937500000,  ,  ,  81.972 
bubblesort_upd ; 3.383422851562500000, 2.960571289062500000,  ,  ,  292.298 
bubblesort_upd ; 1.417785644531250000, 1.300109863281250000,  ,  ,  81.936 
bubblesort_upd ; 1.746887207031250000, 1.579528808593750000,  ,  ,  116.894 
bubblesort_upd ; 4.282287597656250000, 3.741638183593750000,  ,  ,  386.213 
bubblesort_upd ; 1.417114257812500000, 1.298400878906250000,  ,  ,  81.869 
bubblesort_upd ; 1.639526367187500000, 1.500305175781250000,  ,  ,  106.576 
bubblesort_upd ; 2.413940429687500000, 2.142761230468750000,  ,  ,  187.701 
bubblesort_upd ; 6.086242675781250000, 5.276611328125000000,  ,  ,  582.56 
bubblesort_upd ; 1.465820312500000000, 1.332092285156250000,  ,  ,  84.144 
bubblesort_upd ; 1.525329589843750000, 1.398376464843750000,  ,  ,  94.295 
bubblesort_upd ; 2.392395019531250000, 2.137268066406250000,  ,  ,  187.545 
bubblesort_upd ; 4.244262695312500000, 3.696166992187500000,  ,  ,  385.62 
bubblesort_upd ; 1.442321777343750000, 1.327819824218750000,  ,  ,  84.29 
bubblesort_upd ; 1.650695800781250000, 1.487976074218750000,  ,  ,  105.244 
bubblesort_upd ; 4.259460449218750000, 3.702758789062500000,  ,  ,  384.509 
bubblesort_upd ; 1.426696777343750000, 1.303344726562500000,  ,  ,  82.146 
bubblesort_upd ; 1.762634277343750000, 1.578491210937500000,  ,  ,  116.288 
bubblesort_upd ; 4.165039062500000000, 3.608764648437500000,  ,  ,  375.997 
bubblesort_upd ; 1.415466308593750000, 1.298950195312500000,  ,  ,  82.044 
bubblesort_upd ; 5.097473144531250000, 4.433959960937500000,  ,  ,  479.484 
bubblesort_upd ; 1.415954589843750000, 1.302673339843750000,  ,  ,  82.163 
bubblesort_upd ; 3.514648437500000000, 3.071777343750000000,  ,  ,  305.275 
bubblesort_upd ; 1.430541992187500000, 1.318298339843750000,  ,  ,  83.282 
bubblesort_upd ; 1.729675292968750000, 1.576477050781250000,  ,  ,  115.606 
bubblesort_upd ; 4.137084960937500000, 3.601074218750000000,  ,  ,  374.451 
bubblesort_upd ; 1.412048339843750000, 1.297729492187500000,  ,  ,  82.024 
bubblesort_upd ; 3.503906250000000000, 3.069091796875000000,  ,  ,  304.728 
bubblesort_upd ; 1.407897949218750000, 1.293579101562500000,  ,  ,  82.006 
bubblesort_upd ; 3.497131347656250000, 3.046203613281250000,  ,  ,  303.666 
bubblesort_upd ; 4.213195800781250000, 3.672912597656250000,  ,  ,  384.937 
bubblesort_upd ; 1.416137695312500000, 1.302429199218750000,  ,  ,  82.206 
bubblesort_upd ; 3.316345214843750000, 2.904724121093750000,  ,  ,  284.364 
bubblesort_upd ; 1.410583496093750000, 1.294677734375000000,  ,  ,  82.07 
bubblesort_upd ; 1.753662109375000000, 1.586486816406250000,  ,  ,  116.909 
bubblesort_upd ; 4.221496582031250000, 3.677001953125000000,  ,  ,  385.968 
bubblesort_upd ; 1.413696289062500000, 1.298583984375000000,  ,  ,  82.041 
bubblesort_upd ; 1.670227050781250000, 1.521118164062500000,  ,  ,  108.161 
bubblesort_upd ; 4.215515136718750000, 3.666442871093750000,  ,  ,  385.756 
bubblesort_upd ; 4.213256835937500000, 3.678039550781250000,  ,  ,  386.36 
bubblesort_upd ; 1.416687011718750000, 1.306152343750000000,  ,  ,  82.398 
bubblesort_upd ; 3.400207519531250000, 2.977966308593750000,  ,  ,  295.677 
bubblesort_upd ; 1.413269042968750000, 1.302307128906250000,  ,  ,  82.286 
bubblesort_upd ; 1.765808105468750000, 1.599792480468750000,  ,  ,  106.125 
bubblesort_upd ; 2.395568847656250000, 2.142028808593750000,  ,  ,  187.704 
bubblesort_upd ; 2.413269042968750000, 2.137207031250000000,  ,  ,  187.38 
bubblesort_upd ; 4.223632812500000000, 3.686340332031250000,  ,  ,  386.498 
bubblesort_upd ; 1.407531738281250000, 1.298217773437500000,  ,  ,  82.138 
bubblesort_upd ; 3.477172851562500000, 3.043273925781250000,  ,  ,  303.676 
bubblesort_upd ; 1.463562011718750000, 1.351928710937500000,  ,  ,  84.41 
bubblesort_upd ; 3.487426757812500000, 3.056274414062500000,  ,  ,  303.865 
bubblesort_upd ; 1.435302734375000000, 1.306091308593750000,  ,  ,  82.263 
bubblesort_upd ; 3.481140136718750000, 3.056213378906250000,  ,  ,  304.094 
bubblesort_upd ; 4.020019531250000000, 3.509399414062500000,  ,  ,  364.052 
bubblesort_upd ; 1.413818359375000000, 1.302246093750000000,  ,  ,  82.258 
bubblesort_upd ; 3.525756835937500000, 3.105773925781250000,  ,  ,  304.393 
bubblesort_upd ; 1.414855957031250000, 1.298950195312500000,  ,  ,  81.994 
bubblesort_upd ; 1.665527343750000000, 1.503417968750000000,  ,  ,  106.394 
bubblesort_upd ; 2.483459472656250000, 2.214355468750000000,  ,  ,  197.522 
bubblesort_upd ; 2.408020019531250000, 2.135070800781250000,  ,  ,  187.5 
bubblesort_upd ; 4.234863281250000000, 3.705200195312500000,  ,  ,  385.482 
bubblesort_upd ; 1.445800781250000000, 1.319274902343750000,  ,  ,  82.484 
bubblesort_upd ; 3.441833496093750000, 3.031311035156250000,  ,  ,  302.76 
bubblesort_upd ; 4.063537597656250000, 3.522155761718750000,  ,  ,  364.213 
bubblesort_upd ; 1.419128417968750000, 1.303771972656250000,  ,  ,  82.053 
bubblesort_upd ; 3.486267089843750000, 3.054626464843750000,  ,  ,  307.019 
bubblesort_upd ; 1.411743164062500000, 1.305908203125000000,  ,  ,  82.45 
bubblesort_upd ; 3.487670898437500000, 3.047180175781250000,  ,  ,  304.278 
bubblesort_upd ; 1.410156250000000000, 1.296020507812500000,  ,  ,  82.119 
bubblesort_upd ; 3.482727050781250000, 3.070556640625000000,  ,  ,  304.814 
bubblesort_upd ; 1.398193359375000000, 1.299255371093750000,  ,  ,  82.007 
bubblesort_upd ; 3.457275390625000000, 3.042236328125000000,  ,  ,  302.492 
bubblesort_upd ; 1.414489746093750000, 1.298339843750000000,  ,  ,  82.005 
bubblesort_upd ; 3.371643066406250000, 2.958374023437500000,  ,  ,  292.91 
bubblesort_upd ; 2.512451171875000000, 2.241271972656250000,  ,  ,  199.558 
bubblesort_upd ; 2.308105468750000000, 2.051940917968750000,  ,  ,  176.528 
bubblesort_upd ; 4.210632324218750000, 3.662597656250000000,  ,  ,  384.608 
bubblesort_upd ; 1.417602539062500000, 1.301635742187500000,  ,  ,  81.961 
bubblesort_upd ; 1.636962890625000000, 1.493530273437500000,  ,  ,  106.376 
bubblesort_upd ; 2.524475097656250000, 2.238586425781250000,  ,  ,  200.779 
bubblesort_upd ; 2.403503417968750000, 2.135681152343750000,  ,  ,  187.858 
bubblesort_upd ; 2.414306640625000000, 2.151672363281250000,  ,  ,  187.06 
bubblesort_upd ; 4.206237792968750000, 3.664306640625000000,  ,  ,  384.921 
bubblesort_upd ; 1.414123535156250000, 1.300598144531250000,  ,  ,  82.098 
bubblesort_upd ; 5.199645996093750000, 4.507995605468750000,  ,  ,  494.078 
bubblesort_upd ; 1.416687011718750000, 1.302856445312500000,  ,  ,  82.009 
bubblesort_upd ; 3.374145507812500000, 2.963439941406250000,  ,  ,  294.137 
bubblesort_upd ; 1.409057617187500000, 1.296936035156250000,  ,  ,  82.243 
bubblesort_upd ; 3.521911621093750000, 3.055847167968750000,  ,  ,  304.904 
bubblesort_upd ; 1.419372558593750000, 1.306396484375000000,  ,  ,  82.195 
bubblesort_upd ; 1.640502929687500000, 1.489135742187500000,  ,  ,  105.936 
bubblesort_upd ; 4.225219726562500000, 3.673767089843750000,  ,  ,  385.369 
bubblesort_upd ; 1.407653808593750000, 1.299499511718750000,  ,  ,  82.414 
bubblesort_upd ; 3.488281250000000000, 3.054565429687500000,  ,  ,  303.566 
bubblesort_upd ; 4.196838378906250000, 3.668823242187500000,  ,  ,  384.513 
bubblesort_upd ; 1.411132812500000000, 1.295959472656250000,  ,  ,  82.02 
bubblesort_upd ; 1.559753417968750000, 1.422912597656250000,  ,  ,  96.037 
bubblesort_upd ; 2.404968261718750000, 2.134765625000000000,  ,  ,  187.661 
bubblesort_upd ; 4.229431152343750000, 3.698913574218750000,  ,  ,  385.5 
bubblesort_upd ; 1.408874511718750000, 1.293945312500000000,  ,  ,  82.029 
bubblesort_upd ; 3.486145019531250000, 3.048400878906250000,  ,  ,  303.392 
bubblesort_upd ; 1.414123535156250000, 1.302368164062500000,  ,  ,  82.339 
bubblesort_upd ; 3.511352539062500000, 3.081054687500000000,  ,  ,  304.932 
bubblesort_upd ; 1.407714843750000000, 1.295654296875000000,  ,  ,  82.112 
bubblesort_upd ; 3.371887207031250000, 2.955322265625000000,  ,  ,  292.687 
bubblesort_upd ; 4.228515625000000000, 3.700256347656250000,  ,  ,  385.531 
bubblesort_upd ; 1.452392578125000000, 1.327636718750000000,  ,  ,  84.762 
bubblesort_upd ; 3.348876953125000000, 2.940429687500000000,  ,  ,  292.037 
bubblesort_upd ; 1.408630371093750000, 1.296447753906250000,  ,  ,  82.28 
bubblesort_upd ; 3.462158203125000000, 3.034729003906250000,  ,  ,  303.987 
bubblesort_upd ; 1.411865234375000000, 1.295532226562500000,  ,  ,  82.056 
bubblesort_upd ; 3.405700683593750000, 2.979797363281250000,  ,  ,  295.321 
bubblesort_upd ; 1.418640136718750000, 1.306457519531250000,  ,  ,  82.227 
bubblesort_upd ; 3.455810546875000000, 3.027160644531250000,  ,  ,  301.733 
bubblesort_upd ; 1.416809082031250000, 1.299804687500000000,  ,  ,  81.992 
bubblesort_upd ; 3.448242187500000000, 3.032348632812500000,  ,  ,  303.483 
bubblesort_upd ; 4.237182617187500000, 3.687194824218750000,  ,  ,  386.606 
bubblesort_upd ; 1.407653808593750000, 1.290771484375000000,  ,  ,  81.902 
bubblesort_upd ; 3.263427734375000000, 2.878295898437500000,  ,  ,  283.707 
bubblesort_upd ; 1.428894042968750000, 1.294738769531250000,  ,  ,  82.089 
bubblesort_upd ; 1.728088378906250000, 1.575012207031250000,  ,  ,  116.638 
bubblesort_upd ; 4.236389160156250000, 3.691955566406250000,  ,  ,  387.998 
bubblesort_upd ; 1.432373046875000000, 1.305725097656250000,  ,  ,  82.542 
bubblesort_upd ; 1.658630371093750000, 1.513549804687500000,  ,  ,  106.266 
bubblesort_upd ; 2.408081054687500000, 2.136718750000000000,  ,  ,  187.52 
bubblesort_upd ; 6.033203125000000000, 5.230468750000000000,  ,  ,  583.89 
bubblesort_upd ; 1.429504394531250000, 1.310791015625000000,  ,  ,  81.915 
bubblesort_upd ; 3.367065429687500000, 2.954895019531250000,  ,  ,  294.009 
bubblesort_upd ; 1.431518554687500000, 1.309020996093750000,  ,  ,  82.754 
bubblesort_upd ; 3.403198242187500000, 2.983398437500000000,  ,  ,  294.647 
bubblesort_upd ; 1.412963867187500000, 1.304809570312500000,  ,  ,  82.532 
bubblesort_upd ; 3.466247558593750000, 3.044860839843750000,  ,  ,  304.165 
bubblesort_upd ; 1.411926269531250000, 1.293395996093750000,  ,  ,  81.914 
bubblesort_upd ; 3.472839355468750000, 3.032226562500000000,  ,  ,  303.221 
bubblesort_upd ; 1.409545898437500000, 1.292907714843750000,  ,  ,  81.947 
bubblesort_upd ; 3.388366699218750000, 2.980529785156250000,  ,  ,  293.25 
bubblesort_upd ; 4.210205078125000000, 3.665954589843750000,  ,  ,  384.754 
bubblesort_upd ; 1.413696289062500000, 1.309631347656250000,  ,  ,  82.755 
bubblesort_upd ; 1.729370117187500000, 1.564575195312500000,  ,  ,  115.93 
bubblesort_upd ; 2.311279296875000000, 2.058227539062500000,  ,  ,  176.747 
bubblesort_upd ; 2.425109863281250000, 2.156494140625000000,  ,  ,  189.864 
bubblesort_upd ; 2.516906738281250000, 2.209899902343750000,  ,  ,  198.427 
bubblesort_upd ; 4.134643554687500000, 3.597045898437500000,  ,  ,  375.355 
bubblesort_upd ; 1.412719726562500000, 1.295166015625000000,  ,  ,  81.918 
bubblesort_upd ; 1.728271484375000000, 1.577514648437500000,  ,  ,  116.764 
bubblesort_upd ; 2.318359375000000000, 2.068542480468750000,  ,  ,  179.046 
bubblesort_upd ; 2.500305175781250000, 2.209228515625000000,  ,  ,  197.314 
bubblesort_upd ; 2.380554199218750000, 2.128173828125000000,  ,  ,  187.64 
bubblesort_upd ; 4.207458496093750000, 3.661743164062500000,  ,  ,  384.603 
bubblesort_upd ; 2.412231445312500000, 2.141113281250000000,  ,  ,  189.671 
bubblesort_upd ; 2.297668457031250000, 2.056274414062500000,  ,  ,  177.422 
bubblesort_upd ; 2.509094238281250000, 2.221008300781250000,  ,  ,  198.53 
bubblesort_upd ; 2.383300781250000000, 2.132141113281250000,  ,  ,  187.709 
bubblesort_upd ; 4.236511230468750000, 3.693908691406250000,  ,  ,  387.065 
bubblesort_upd ; 1.428405761718750000, 1.299499511718750000,  ,  ,  82.304 
bubblesort_upd ; 3.438598632812500000, 3.021179199218750000,  ,  ,  303.65 
bubblesort_upd ; 1.408569335937500000, 1.297363281250000000,  ,  ,  82.132 
bubblesort_upd ; 1.653564453125000000, 1.493530273437500000,  ,  ,  106.357 
bubblesort_upd ; 4.222351074218750000, 3.694946289062500000,  ,  ,  385.665 
bubblesort_upd ; 2.398010253906250000, 2.127380371093750000,  ,  ,  187.617 
bubblesort_upd ; 2.510620117187500000, 2.207946777343750000,  ,  ,  197.556 
bubblesort_upd ; 2.304992675781250000, 2.046569824218750000,  ,  ,  177.421 
bubblesort_upd ; 2.398681640625000000, 2.134643554687500000,  ,  ,  187.975 
bubblesort_upd ; 2.528137207031250000, 2.245178222656250000,  ,  ,  199.849 
bubblesort_upd ; 2.389587402343750000, 2.136230468750000000,  ,  ,  187.486 
bubblesort_upd ; 4.221130371093750000, 3.671020507812500000,  ,  ,  385.425 
bubblesort_upd ; 1.443115234375000000, 1.330322265625000000,  ,  ,  83.298 
bubblesort_upd ; 3.632324218750000000, 3.204406738281250000,  ,  ,  302.777 
bubblesort_upd ; 2.381591796875000000, 2.128723144531250000,  ,  ,  187.557 
bubblesort_upd ; 1.426940917968750000, 1.296569824218750000,  ,  ,  82.174 
bubblesort_upd ; 5.178833007812500000, 4.494689941406250000,  ,  ,  491.398 
bubblesort_upd ; 1.406372070312500000, 1.297119140625000000,  ,  ,  82.122 
bubblesort_upd ; 1.582214355468750000, 1.445312500000000000,  ,  ,  97.046 
bubblesort_upd ; 4.227966308593750000, 3.680297851562500000,  ,  ,  385.476 
bubblesort_upd ; 1.398803710937500000, 1.300231933593750000,  ,  ,  81.888 
bubblesort_upd ; 1.743957519531250000, 1.582824707031250000,  ,  ,  117.291 
bubblesort_upd ; 2.390930175781250000, 2.128723144531250000,  ,  ,  187 
bubblesort_upd ; 2.488769531250000000, 2.219726562500000000,  ,  ,  198.496 
bubblesort_upd ; 2.397644042968750000, 2.129699707031250000,  ,  ,  187.756 
bubblesort_upd ; 4.220153808593750000, 3.679748535156250000,  ,  ,  384.858 
bubblesort_upd ; 1.435729980468750000, 1.326538085937500000,  ,  ,  83.437 
bubblesort_upd ; 3.461975097656250000, 3.024291992187500000,  ,  ,  302.172 
bubblesort_upd ; 3.914733886718750000, 3.429931640625000000,  ,  ,  353.605 
bubblesort_upd ; 1.426208496093750000, 1.309509277343750000,  ,  ,  81.986 
bubblesort_upd ; 1.763000488281250000, 1.593994140625000000,  ,  ,  116.759 
bubblesort_upd ; 2.405639648437500000, 2.145690917968750000,  ,  ,  188.227 
bubblesort_upd ; 4.267761230468750000, 3.721435546875000000,  ,  ,  386.648 
bubblesort_upd ; 1.423339843750000000, 1.300903320312500000,  ,  ,  82.014 
bubblesort_upd ; 1.671203613281250000, 1.494812011718750000,  ,  ,  106.081 
bubblesort_upd ; 4.224914550781250000, 3.684997558593750000,  ,  ,  384.911 
bubblesort_upd ; 1.407775878906250000, 1.291809082031250000,  ,  ,  82.071 
bubblesort_upd ; 1.640258789062500000, 1.492675781250000000,  ,  ,  106.08 
bubblesort_upd ; 4.258728027343750000, 3.716796875000000000,  ,  ,  387.997 
bubblesort_upd ; 2.315490722656250000, 2.059448242187500000,  ,  ,  177.603 
bubblesort_upd ; 2.587768554687500000, 2.269348144531250000,  ,  ,  200.975 
bubblesort_upd ; 4.229736328125000000, 3.701049804687500000,  ,  ,  386.614 
bubblesort_upd ; 1.406066894531250000, 1.291931152343750000,  ,  ,  82.041 
bubblesort_upd ; 3.358825683593750000, 2.950012207031250000,  ,  ,  293.137 
bubblesort_upd ; 1.402404785156250000, 1.287109375000000000,  ,  ,  82.008 
bubblesort_upd ; 3.480224609375000000, 3.041259765625000000,  ,  ,  304.36 
bubblesort_upd ; 1.407104492187500000, 1.294860839843750000,  ,  ,  82.179 
bubblesort_upd ; 3.480529785156250000, 3.059204101562500000,  ,  ,  304.276 
bubblesort_upd ; 2.392028808593750000, 2.121459960937500000,  ,  ,  187.609 
bubblesort_upd ; 2.483825683593750000, 2.205261230468750000,  ,  ,  197.97 
bubblesort_upd ; 2.284667968750000000, 2.045104980468750000,  ,  ,  177.56 
bubblesort_upd ; 4.233398437500000000, 3.682434082031250000,  ,  ,  387.636 
bubblesort_upd ; 1.411804199218750000, 1.302551269531250000,  ,  ,  82.306 
bubblesort_upd ; 1.636779785156250000, 1.489929199218750000,  ,  ,  106.205 
bubblesort_upd ; 4.226745605468750000, 3.682922363281250000,  ,  ,  385.802 
bubblesort_upd ; 1.416015625000000000, 1.301086425781250000,  ,  ,  82.142 
bubblesort_upd ; 1.669677734375000000, 1.502502441406250000,  ,  ,  108.149 
bubblesort_upd ; 6.016296386718750000, 5.210815429687500000,  ,  ,  582.399 
bubblesort_upd ; 1.410339355468750000, 1.294494628906250000,  ,  ,  82.011 
bubblesort_upd ; 1.651489257812500000, 1.495056152343750000,  ,  ,  105.549 
bubblesort_upd ; 4.024475097656250000, 3.527832031250000000,  ,  ,  365.913 
bubblesort_upd ; 1.427612304687500000, 1.295837402343750000,  ,  ,  82.064 
bubblesort_upd ; 3.441101074218750000, 3.027099609375000000,  ,  ,  303.641 
bubblesort_upd ; 1.407043457031250000, 1.292480468750000000,  ,  ,  82.019 
bubblesort_upd ; 3.470947265625000000, 3.033203125000000000,  ,  ,  303.341 
bubblesort_upd ; 1.427612304687500000, 1.310729980468750000,  ,  ,  83.038 
bubblesort_upd ; 3.430725097656250000, 3.020812988281250000,  ,  ,  302.83 
bubblesort_upd ; 1.488525390625000000, 1.358947753906250000,  ,  ,  82.25 
bubblesort_upd ; 1.651489257812500000, 1.516174316406250000,  ,  ,  105.705 
bubblesort_upd ; 4.208190917968750000, 3.655151367187500000,  ,  ,  385.284 
bubblesort_upd ; 4.137573242187500000, 3.626098632812500000,  ,  ,  376.835 
bubblesort_upd ; 1.426940917968750000, 1.301330566406250000,  ,  ,  82.457 
bubblesort_upd ; 3.372131347656250000, 2.955993652343750000,  ,  ,  293.655 
bubblesort_upd ; 1.410461425781250000, 1.300964355468750000,  ,  ,  82.41 
bubblesort_upd ; 3.481689453125000000, 3.058410644531250000,  ,  ,  304.121 
bubblesort_upd ; 1.444885253906250000, 1.318237304687500000,  ,  ,  83.487 
bubblesort_upd ; 3.445556640625000000, 3.031188964843750000,  ,  ,  302.532 
bubblesort_upd ; 1.408935546875000000, 1.295471191406250000,  ,  ,  82.209 
bubblesort_upd ; 1.739074707031250000, 1.571594238281250000,  ,  ,  116.734 
bubblesort_upd ; 2.399291992187500000, 2.130615234375000000,  ,  ,  187.96 
bubblesort_upd ; 5.955688476562500000, 5.148193359375000000,  ,  ,  573.934 
bubblesort_upd ; 1.411743164062500000, 1.299377441406250000,  ,  ,  82.176 
bubblesort_upd ; 1.544799804687500000, 1.408203125000000000,  ,  ,  95.927 
bubblesort_upd ; 4.237487792968750000, 3.700500488281250000,  ,  ,  386.16 
bubblesort_upd ; 1.416442871093750000, 1.300537109375000000,  ,  ,  82.009 
bubblesort_upd ; 3.490295410156250000, 3.059387207031250000,  ,  ,  304.725 
bubblesort_upd ; 1.409729003906250000, 1.299194335937500000,  ,  ,  82.367 
bubblesort_upd ; 1.639831542968750000, 1.489807128906250000,  ,  ,  105.906 
bubblesort_upd ; 4.242675781250000000, 3.701599121093750000,  ,  ,  385.92 
bubblesort_upd ; 4.223632812500000000, 3.678161621093750000,  ,  ,  385.625 
bubblesort_upd ; 1.412902832031250000, 1.296691894531250000,  ,  ,  81.942 
bubblesort_upd ; 1.414611816406250000, 1.298828125000000000,  ,  ,  82.028 
bubblesort_upd ; 2.741271972656250000, 2.409362792968750000,  ,  ,  222.385 
bubblesort_upd ; 4.081542968750000000, 3.560546875000000000,  ,  ,  364.863 
bubblesort_upd ; 1.411010742187500000, 1.296264648437500000,  ,  ,  81.998 
bubblesort_upd ; 3.463623046875000000, 3.038146972656250000,  ,  ,  302.972 
bubblesort_upd ; 1.403686523437500000, 1.290039062500000000,  ,  ,  82.075 
bubblesort_upd ; 3.494262695312500000, 3.066833496093750000,  ,  ,  305.092 
bubblesort_upd ; 1.407470703125000000, 1.297241210937500000,  ,  ,  82.276 
bubblesort_upd ; 1.634216308593750000, 1.484619140625000000,  ,  ,  106.099 
bubblesort_upd ; 4.211303710937500000, 3.674011230468750000,  ,  ,  385.085 
bubblesort_upd ; 1.407470703125000000, 1.300659179687500000,  ,  ,  82.463 
bubblesort_upd ; 5.093017578125000000, 4.415466308593750000,  ,  ,  483.221 
bubblesort_upd ; 1.401428222656250000, 1.293029785156250000,  ,  ,  82.056 
bubblesort_upd ; 1.652465820312500000, 1.490539550781250000,  ,  ,  106.348 
bubblesort_upd ; 2.498474121093750000, 2.216674804687500000,  ,  ,  197.811 
bubblesort_upd ; 2.377746582031250000, 2.126892089843750000,  ,  ,  187.746 
bubblesort_upd ; 4.230712890625000000, 3.685485839843750000,  ,  ,  385.758 
bubblesort_upd ; 1.409973144531250000, 1.296569824218750000,  ,  ,  82.037 
bubblesort_upd ; 3.460327148437500000, 3.028991699218750000,  ,  ,  302.669 
bubblesort_upd ; 1.433410644531250000, 1.327575683593750000,  ,  ,  83.627 
bubblesort_upd ; 3.464538574218750000, 3.024047851562500000,  ,  ,  302.159 
bubblesort_upd ; 2.443420410156250000, 2.141357421875000000,  ,  ,  188.918 
bubblesort_upd ; 4.111389160156250000, 3.586059570312500000,  ,  ,  374.995 
bubblesort_upd ; 1.412658691406250000, 1.300415039062500000,  ,  ,  82.157 
bubblesort_upd ; 3.354736328125000000, 2.946594238281250000,  ,  ,  293.22 
bubblesort_upd ; 1.437805175781250000, 1.327636718750000000,  ,  ,  83.397 
bubblesort_upd ; 3.608825683593750000, 3.179504394531250000,  ,  ,  304.927 
bubblesort_upd ; 1.413269042968750000, 1.298645019531250000,  ,  ,  82.075 
bubblesort_upd ; 3.471008300781250000, 3.035461425781250000,  ,  ,  302.375 
bubblesort_upd ; 1.412719726562500000, 1.296508789062500000,  ,  ,  82.005 
bubblesort_upd ; 1.755432128906250000, 1.592529296875000000,  ,  ,  119.209 
bubblesort_upd ; 4.136718750000000000, 3.613708496093750000,  ,  ,  376.259 
bubblesort_upd ; 1.408752441406250000, 1.298583984375000000,  ,  ,  82.271 
bubblesort_upd ; 3.470581054687500000, 3.032836914062500000,  ,  ,  303.318 
bubblesort_upd ; 2.285583496093750000, 2.042175292968750000,  ,  ,  177.365 
bubblesort_upd ; 2.665100097656250000, 2.373840332031250000,  ,  ,  200.422 
bubblesort_upd ; 2.378967285156250000, 2.129821777343750000,  ,  ,  187.769 
bubblesort_upd ; 2.385437011718750000, 2.125671386718750000,  ,  ,  187.164 
bubblesort_upd ; 2.484741210937500000, 2.209472656250000000,  ,  ,  198.168 
bubblesort_upd ; 2.385559082031250000, 2.128295898437500000,  ,  ,  187.293 
bubblesort_upd ; 4.224182128906250000, 3.683715820312500000,  ,  ,  388.545 
bubblesort_upd ; 1.419189453125000000, 1.294250488281250000,  ,  ,  82.119 
bubblesort_upd ; 1.719543457031250000, 1.570434570312500000,  ,  ,  116.839 
bubblesort_upd ; 4.122131347656250000, 3.588867187500000000,  ,  ,  374.404 
bubblesort_upd ; 4.152282714843750000, 3.621154785156250000,  ,  ,  376.799 
bubblesort_upd ; 1.404296875000000000, 1.291809082031250000,  ,  ,  82.103 
bubblesort_upd ; 3.448486328125000000, 3.029846191406250000,  ,  ,  303.402 
bubblesort_upd ; 1.426696777343750000, 1.299133300781250000,  ,  ,  82.365 
bubblesort_upd ; 1.620727539062500000, 1.483703613281250000,  ,  ,  105.659 
bubblesort_upd ; 2.520446777343750000, 2.229736328125000000,  ,  ,  200.972 
bubblesort_upd ; 4.131896972656250000, 3.586730957031250000,  ,  ,  374.242 
bubblesort_upd ; 1.428283691406250000, 1.296386718750000000,  ,  ,  82.072 
bubblesort_upd ; 3.433166503906250000, 3.020751953125000000,  ,  ,  302.697 
bubblesort_upd ; 2.514587402343750000, 2.224487304687500000,  ,  ,  200.488 
bubblesort_upd ; 4.006225585937500000, 3.509643554687500000,  ,  ,  364.78 
bubblesort_upd ; 1.424621582031250000, 1.300231933593750000,  ,  ,  82.554 
bubblesort_upd ; 3.468872070312500000, 3.037109375000000000,  ,  ,  303.562 
bubblesort_upd ; 1.406616210937500000, 1.290832519531250000,  ,  ,  82.062 
bubblesort_upd ; 3.500976562500000000, 3.051879882812500000,  ,  ,  305.167 
bubblesort_upd ; 1.417114257812500000, 1.290954589843750000,  ,  ,  81.977 
bubblesort_upd ; 3.460754394531250000, 3.033081054687500000,  ,  ,  303.796 
bubblesort_upd ; 1.408508300781250000, 1.298278808593750000,  ,  ,  82.422 
bubblesort_upd ; 1.643920898437500000, 1.489746093750000000,  ,  ,  105.605 
bubblesort_upd ; 4.223266601562500000, 3.685424804687500000,  ,  ,  387.176 
bubblesort_upd ; 1.411621093750000000, 1.298950195312500000,  ,  ,  82.259 
bubblesort_upd ; 3.458435058593750000, 3.039550781250000000,  ,  ,  303.305 
bubblesort_upd ; 2.307128906250000000, 2.044372558593750000,  ,  ,  177.158 
bubblesort_upd ; 4.118530273437500000, 3.597351074218750000,  ,  ,  377.386 
bubblesort_upd ; 1.430664062500000000, 1.322265625000000000,  ,  ,  83.553 
bubblesort_upd ; 1.746582031250000000, 1.567871093750000000,  ,  ,  115.035 
bubblesort_upd ; 2.379211425781250000, 2.124145507812500000,  ,  ,  187.489 
bubblesort_upd ; 2.489562988281250000, 2.210144042968750000,  ,  ,  197.861 
bubblesort_upd ; 2.377990722656250000, 2.123596191406250000,  ,  ,  187.545 
bubblesort_upd ; 2.503784179687500000, 2.223937988281250000,  ,  ,  200.041 
bubblesort_upd ; 4.129028320312500000, 3.589172363281250000,  ,  ,  374.075 
bubblesort_upd ; 1.410095214843750000, 1.296936035156250000,  ,  ,  82.173 
bubblesort_upd ; 3.444030761718750000, 3.029846191406250000,  ,  ,  303.598 
bubblesort_upd ; 4.134948730468750000, 3.609191894531250000,  ,  ,  377.013 
bubblesort_upd ; 1.409851074218750000, 1.295410156250000000,  ,  ,  82.161 
bubblesort_upd ; 1.636108398437500000, 1.488952636718750000,  ,  ,  106.154 
bubblesort_upd ; 2.380798339843750000, 2.124023437500000000,  ,  ,  187.365 
bubblesort_upd ; 2.491760253906250000, 2.206909179687500000,  ,  ,  197.686 
bubblesort_upd ; 4.211975097656250000, 3.680419921875000000,  ,  ,  386.489 
bubblesort_upd ; 1.408020019531250000, 1.294006347656250000,  ,  ,  82.154 
bubblesort_upd ; 3.448425292968750000, 3.023803710937500000,  ,  ,  303.051 
bubblesort_upd ; 1.432495117187500000, 1.303955078125000000,  ,  ,  82.2 
bubblesort_upd ; 3.371704101562500000, 2.962219238281250000,  ,  ,  294.213 
bubblesort_upd ; 4.104309082031250000, 3.574584960937500000,  ,  ,  374.736 
bubblesort_upd ; 1.408386230468750000, 1.296203613281250000,  ,  ,  82.209 
bubblesort_upd ; 3.430664062500000000, 3.019287109375000000,  ,  ,  302.624 
bubblesort_upd ; 1.427062988281250000, 1.312500000000000000,  ,  ,  82.024 
bubblesort_upd ; 3.391906738281250000, 2.966125488281250000,  ,  ,  294.273 
bubblesort_upd ; 1.406066894531250000, 1.292236328125000000,  ,  ,  82.121 
bubblesort_upd ; 3.443786621093750000, 3.027954101562500000,  ,  ,  302.382 
bubblesort_upd ; 1.462036132812500000, 1.346557617187500000,  ,  ,  84.102 
bubblesort_upd ; 3.483581542968750000, 3.042297363281250000,  ,  ,  304.247 
bubblesort_upd ; 1.427490234375000000, 1.317993164062500000,  ,  ,  83.415 
bubblesort_upd ; 3.461730957031250000, 3.032653808593750000,  ,  ,  302.719 
bubblesort_upd ; 4.007385253906250000, 3.509643554687500000,  ,  ,  364.722 
bubblesort_upd ; 1.425720214843750000, 1.297302246093750000,  ,  ,  82.234 
bubblesort_upd ; 3.489868164062500000, 3.065185546875000000,  ,  ,  305.215 
bubblesort_upd ; 1.411315917968750000, 1.300659179687500000,  ,  ,  82.193 
bubblesort_upd ; 3.458068847656250000, 3.026489257812500000,  ,  ,  302.626 
bubblesort_upd ; 1.412231445312500000, 1.297668457031250000,  ,  ,  82.049 
bubblesort_upd ; 3.456909179687500000, 3.033569335937500000,  ,  ,  303.001 
bubblesort_upd ; 4.207519531250000000, 3.677001953125000000,  ,  ,  386.68 
bubblesort_upd ; 1.408264160156250000, 1.292541503906250000,  ,  ,  82.001 
bubblesort_upd ; 1.412109375000000000, 1.296569824218750000,  ,  ,  82.007 
bubblesort_upd ; 4.344604492187500000, 3.782897949218750000,  ,  ,  399.762 
bubblesort_upd2 ; 0.836853027343750000, 0.686462402343750000,  ,  ,  103.609 
bubblesort_upd2 ; 0.961303710937500000, 0.841613769531250000,  ,  ,  81.97 
bubblesort_upd2 ; 0.942749023437500000, 0.829772949218750000,  ,  ,  82.177 
bubblesort_upd2 ; 0.948791503906250000, 0.830017089843750000,  ,  ,  81.259 
bubblesort_upd2 ; 0.948730468750000000, 0.840454101562500000,  ,  ,  81.15 
bubblesort_upd2 ; 0.930786132812500000, 0.825561523437500000,  ,  ,  81.237 
bubblesort_upd2 ; 0.955810546875000000, 0.832275390625000000,  ,  ,  82.471 
bubblesort_upd2 ; 0.931518554687500000, 0.826293945312500000,  ,  ,  81.183 
bubblesort_upd2 ; 0.934814453125000000, 0.829589843750000000,  ,  ,  81.29 
bubblesort_upd2 ; 0.928771972656250000, 0.825683593750000000,  ,  ,  81.431 
bubblesort_upd2 ; 0.931945800781250000, 0.821228027343750000,  ,  ,  81.062 
bubblesort_upd2 ; 0.925292968750000000, 0.822937011718750000,  ,  ,  81.366 
bubblesort_upd2 ; 0.925659179687500000, 0.822143554687500000,  ,  ,  81.397 
bubblesort_upd2 ; 0.923217773437500000, 0.813476562500000000,  ,  ,  81.004 
bubblesort_upd2 ; 0.944396972656250000, 0.820861816406250000,  ,  ,  81.36 
bubblesort_upd2 ; 0.923461914062500000, 0.818908691406250000,  ,  ,  81.326 
bubblesort_upd2 ; 0.917602539062500000, 0.813720703125000000,  ,  ,  81.42 
bubblesort_upd2 ; 0.940185546875000000, 0.818786621093750000,  ,  ,  81.339 
bubblesort_upd2 ; 0.940368652343750000, 0.823791503906250000,  ,  ,  82.866 
bubblesort_upd2 ; 0.915649414062500000, 0.804809570312500000,  ,  ,  82.08 
bubblesort_upd2 ; 0.923583984375000000, 0.819458007812500000,  ,  ,  81.388 
bubblesort_upd2 ; 0.917480468750000000, 0.813537597656250000,  ,  ,  81.366 
bubblesort_upd2 ; 0.932373046875000000, 0.806762695312500000,  ,  ,  81.175 
bubblesort_upd2 ; 0.915222167968750000, 0.807739257812500000,  ,  ,  81.075 
bubblesort_upd2 ; 0.912292480468750000, 0.806884765625000000,  ,  ,  81.292 
bubblesort_upd2 ; 0.909851074218750000, 0.805419921875000000,  ,  ,  81.258 
bubblesort_upd2 ; 0.927368164062500000, 0.804748535156250000,  ,  ,  81.388 
bubblesort_upd2 ; 0.902465820312500000, 0.797180175781250000,  ,  ,  81.251 
bubblesort_upd2 ; 0.914672851562500000, 0.809143066406250000,  ,  ,  81.326 
bubblesort_upd2 ; 0.909484863281250000, 0.802551269531250000,  ,  ,  81.166 
bubblesort_upd2 ; 0.947448730468750000, 0.819946289062500000,  ,  ,  82.082 
bubblesort_upd2 ; 0.904663085937500000, 0.798583984375000000,  ,  ,  81.263 
bubblesort_upd2 ; 0.906616210937500000, 0.799621582031250000,  ,  ,  81.179 
bubblesort_upd2 ; 0.895568847656250000, 0.794982910156250000,  ,  ,  81.501 
bubblesort_upd2 ; 0.922912597656250000, 0.798400878906250000,  ,  ,  81.287 
bubblesort_upd2 ; 0.904541015625000000, 0.799804687500000000,  ,  ,  81.258 
bubblesort_upd2 ; 0.898620605468750000, 0.792541503906250000,  ,  ,  81.261 
bubblesort_upd2 ; 0.896484375000000000, 0.791992187500000000,  ,  ,  81.222 
bubblesort_upd2 ; 0.914001464843750000, 0.790466308593750000,  ,  ,  81.239 
bubblesort_upd2 ; 0.891662597656250000, 0.785522460937500000,  ,  ,  81.198 
bubblesort_upd2 ; 0.893371582031250000, 0.789794921875000000,  ,  ,  81.363 
bubblesort_upd2 ; 0.895141601562500000, 0.786437988281250000,  ,  ,  81.04 
bubblesort_upd2 ; 0.929321289062500000, 0.803894042968750000,  ,  ,  82.196 
bubblesort_upd2 ; 0.966369628906250000, 0.861755371093750000,  ,  ,  81.322 
bubblesort_upd2 ; 0.883728027343750000, 0.778015136718750000,  ,  ,  81.238 
bubblesort_upd2 ; 0.887512207031250000, 0.785644531250000000,  ,  ,  81.355 
bubblesort_upd2 ; 0.903747558593750000, 0.784729003906250000,  ,  ,  81.581 
bubblesort_upd2 ; 0.907531738281250000, 0.791137695312500000,  ,  ,  81.699 
bubblesort_upd2 ; 0.879516601562500000, 0.778503417968750000,  ,  ,  81.394 
bubblesort_upd2 ; 0.903930664062500000, 0.778320312500000000,  ,  ,  81.649 
bubblesort_upd2 ; 0.915100097656250000, 0.790710449218750000,  ,  ,  81.565 
bubblesort_upd2 ; 0.895263671875000000, 0.770385742187500000,  ,  ,  81.44 
bubblesort_upd2 ; 0.876647949218750000, 0.776733398437500000,  ,  ,  81.723 
bubblesort_upd2 ; 0.878295898437500000, 0.773315429687500000,  ,  ,  81.653 
bubblesort_upd2 ; 0.906921386718750000, 0.793090820312500000,  ,  ,  82.85 
bubblesort_upd2 ; 0.876525878906250000, 0.769592285156250000,  ,  ,  81.387 
bubblesort_upd2 ; 0.886352539062500000, 0.770568847656250000,  ,  ,  81.41 
bubblesort_upd2 ; 0.878723144531250000, 0.770874023437500000,  ,  ,  81.236 
bubblesort_upd2 ; 0.918945312500000000, 0.797546386718750000,  ,  ,  84.612 
bubblesort_upd2 ; 0.893798828125000000, 0.764343261718750000,  ,  ,  81.339 
bubblesort_upd2 ; 0.892333984375000000, 0.775207519531250000,  ,  ,  81.376 
bubblesort_upd2 ; 0.885498046875000000, 0.770202636718750000,  ,  ,  81.632 
bubblesort_upd2 ; 0.876892089843750000, 0.770690917968750000,  ,  ,  81.447 
bubblesort_upd2 ; 0.876098632812500000, 0.772705078125000000,  ,  ,  81.58 
bubblesort_upd2 ; 0.881225585937500000, 0.775939941406250000,  ,  ,  81.569 
bubblesort_upd2 ; 0.869445800781250000, 0.768432617187500000,  ,  ,  81.859 
bubblesort_upd2 ; 0.879699707031250000, 0.775146484375000000,  ,  ,  82.795 
bubblesort_upd2 ; 0.880371093750000000, 0.766296386718750000,  ,  ,  81.656 
bubblesort_upd2 ; 0.875244140625000000, 0.769104003906250000,  ,  ,  81.414 
bubblesort_upd2 ; 0.888366699218750000, 0.777465820312500000,  ,  ,  82.006 
bubblesort_upd2 ; 0.868591308593750000, 0.760559082031250000,  ,  ,  81.234 
bubblesort_upd2 ; 0.877990722656250000, 0.773986816406250000,  ,  ,  81.678 
bubblesort_upd2 ; 0.883483886718750000, 0.770080566406250000,  ,  ,  81.699 
bubblesort_upd2 ; 0.897033691406250000, 0.783691406250000000,  ,  ,  81.829 
bubblesort_upd2 ; 0.878845214843750000, 0.774291992187500000,  ,  ,  81.486 
bubblesort_upd2 ; 0.868835449218750000, 0.761291503906250000,  ,  ,  81.315 
bubblesort_upd2 ; 0.870483398437500000, 0.769409179687500000,  ,  ,  81.764 
bubblesort_upd2 ; 0.881958007812500000, 0.763427734375000000,  ,  ,  81.266 
bubblesort_upd2 ; 0.889343261718750000, 0.785400390625000000,  ,  ,  82.646 
bubblesort_upd2 ; 0.887268066406250000, 0.770080566406250000,  ,  ,  81.391 
bubblesort_upd2 ; 0.878051757812500000, 0.772583007812500000,  ,  ,  81.349 
bubblesort_upd2 ; 0.873474121093750000, 0.767700195312500000,  ,  ,  81.491 
bubblesort_upd2 ; 0.872375488281250000, 0.767944335937500000,  ,  ,  81.461 
bubblesort_upd2 ; 0.874084472656250000, 0.766174316406250000,  ,  ,  81.308 
bubblesort_upd2 ; 0.891418457031250000, 0.773742675781250000,  ,  ,  81.326 
bubblesort_upd2 ; 0.870239257812500000, 0.763854980468750000,  ,  ,  81.357 
bubblesort_upd2 ; 0.885375976562500000, 0.771545410156250000,  ,  ,  81.731 
bubblesort_upd2 ; 0.871704101562500000, 0.765014648437500000,  ,  ,  81.454 
bubblesort_upd2 ; 0.882873535156250000, 0.766052246093750000,  ,  ,  81.442 
bubblesort_upd2 ; 0.877197265625000000, 0.771545410156250000,  ,  ,  81.346 
bubblesort_upd2 ; 0.897338867187500000, 0.781738281250000000,  ,  ,  82.802 
bubblesort_upd2 ; 0.872680664062500000, 0.768249511718750000,  ,  ,  81.512 
bubblesort_upd2 ; 0.872131347656250000, 0.765136718750000000,  ,  ,  81.28 
bubblesort_upd2 ; 0.869934082031250000, 0.764038085937500000,  ,  ,  81.324 
bubblesort_upd2 ; 0.873474121093750000, 0.767028808593750000,  ,  ,  81.385 
bubblesort_upd2 ; 0.884765625000000000, 0.769165039062500000,  ,  ,  81.469 
bubblesort_upd2 ; 0.882812500000000000, 0.776428222656250000,  ,  ,  81.449 
bubblesort_upd2 ; 0.883666992187500000, 0.767883300781250000,  ,  ,  81.479 
bubblesort_upd2 ; 0.878112792968750000, 0.769348144531250000,  ,  ,  81.21 
bubblesort_upd2 ; 0.871276855468750000, 0.767639160156250000,  ,  ,  81.635 
bubblesort_upd2 ; 0.874206542968750000, 0.767700195312500000,  ,  ,  81.551 
bubblesort_upd2 ; 0.881530761718750000, 0.768493652343750000,  ,  ,  81.78 
bubblesort_upd2 ; 0.901123046875000000, 0.793579101562500000,  ,  ,  83.502 
bubblesort_upd2 ; 0.882324218750000000, 0.767333984375000000,  ,  ,  81.655 
bubblesort_upd2 ; 0.872680664062500000, 0.764160156250000000,  ,  ,  81.242 
bubblesort_upd2 ; 0.881286621093750000, 0.765563964843750000,  ,  ,  81.511 
bubblesort_upd2 ; 0.952148437500000000, 0.847167968750000000,  ,  ,  81.619 
bubblesort_upd2 ; 0.879272460937500000, 0.768310546875000000,  ,  ,  82.044 
bubblesort_upd2 ; 0.885681152343750000, 0.770446777343750000,  ,  ,  81.526 
bubblesort_upd2 ; 0.871398925781250000, 0.764770507812500000,  ,  ,  81.384 
bubblesort_upd2 ; 0.887145996093750000, 0.770446777343750000,  ,  ,  81.361 
bubblesort_upd2 ; 0.879089355468750000, 0.774108886718750000,  ,  ,  81.541 
bubblesort_upd2 ; 0.897338867187500000, 0.765563964843750000,  ,  ,  81.404 
bubblesort_upd2 ; 0.959411621093750000, 0.832275390625000000,  ,  ,  81.289 
bubblesort_upd2 ; 0.968566894531250000, 0.855163574218750000,  ,  ,  81.723 
bubblesort_upd2 ; 0.873962402343750000, 0.768066406250000000,  ,  ,  81.476 
bubblesort_upd2 ; 0.884216308593750000, 0.769592285156250000,  ,  ,  81.553 
bubblesort_upd2 ; 0.872253417968750000, 0.766906738281250000,  ,  ,  81.569 
bubblesort_upd2 ; 0.880737304687500000, 0.766174316406250000,  ,  ,  81.643 
bubblesort_upd2 ; 0.873596191406250000, 0.766540527343750000,  ,  ,  81.327 
bubblesort_upd2 ; 0.883666992187500000, 0.766540527343750000,  ,  ,  81.357 
bubblesort_upd2 ; 0.874206542968750000, 0.767517089843750000,  ,  ,  81.413 
bubblesort_upd2 ; 0.883972167968750000, 0.771606445312500000,  ,  ,  81.848 
bubblesort_upd2 ; 0.879150390625000000, 0.765930175781250000,  ,  ,  81.855 
bubblesort_upd2 ; 0.871215820312500000, 0.769409179687500000,  ,  ,  81.831 
bubblesort_upd2 ; 0.868164062500000000, 0.765686035156250000,  ,  ,  81.593 
bubblesort_upd2 ; 0.884399414062500000, 0.772705078125000000,  ,  ,  82.016 
bubblesort_upd2 ; 0.880798339843750000, 0.765258789062500000,  ,  ,  81.526 
bubblesort_upd2 ; 0.876831054687500000, 0.771240234375000000,  ,  ,  81.473 
bubblesort_upd2 ; 0.888183593750000000, 0.773437500000000000,  ,  ,  81.527 
bubblesort_upd2 ; 0.871154785156250000, 0.764282226562500000,  ,  ,  81.447 
bubblesort_upd2 ; 0.870117187500000000, 0.764282226562500000,  ,  ,  81.366 
bubblesort_upd2 ; 0.872985839843750000, 0.767578125000000000,  ,  ,  81.539 
bubblesort_upd2 ; 0.875000000000000000, 0.760192871093750000,  ,  ,  81.717 
bubblesort_upd2 ; 0.882019042968750000, 0.770568847656250000,  ,  ,  82.052 
bubblesort_upd2 ; 0.882812500000000000, 0.778503417968750000,  ,  ,  81.577 
bubblesort_upd2 ; 0.882202148437500000, 0.767700195312500000,  ,  ,  81.656 
bubblesort_upd2 ; 0.869934082031250000, 0.763244628906250000,  ,  ,  81.373 
bubblesort_upd2 ; 0.897521972656250000, 0.786376953125000000,  ,  ,  82.127 
bubblesort_upd2 ; 0.875366210937500000, 0.770568847656250000,  ,  ,  81.542 
bubblesort_upd2 ; 0.963378906250000000, 0.855407714843750000,  ,  ,  82.313 
bubblesort_upd2 ; 0.892395019531250000, 0.775451660156250000,  ,  ,  81.415 
bubblesort_upd2 ; 0.872924804687500000, 0.766601562500000000,  ,  ,  81.286 
bubblesort_upd2 ; 0.875427246093750000, 0.768554687500000000,  ,  ,  81.348 
bubblesort_upd2 ; 0.887329101562500000, 0.770996093750000000,  ,  ,  81.428 
bubblesort_upd2 ; 0.877075195312500000, 0.772399902343750000,  ,  ,  81.513 
bubblesort_upd2 ; 0.883422851562500000, 0.767883300781250000,  ,  ,  81.544 
bubblesort_upd2 ; 0.878356933593750000, 0.772949218750000000,  ,  ,  81.555 
bubblesort_upd2 ; 0.870483398437500000, 0.765991210937500000,  ,  ,  81.515 
bubblesort_upd2 ; 0.887207031250000000, 0.770385742187500000,  ,  ,  81.504 
bubblesort_upd2 ; 0.874877929687500000, 0.774291992187500000,  ,  ,  81.876 
bubblesort_upd2 ; 0.887573242187500000, 0.771789550781250000,  ,  ,  81.606 
bubblesort_upd2 ; 0.880432128906250000, 0.764526367187500000,  ,  ,  81.573 
bubblesort_upd2 ; 0.878662109375000000, 0.772277832031250000,  ,  ,  81.484 
bubblesort_upd2 ; 0.881347656250000000, 0.771118164062500000,  ,  ,  82.044 
bubblesort_upd2 ; 0.887145996093750000, 0.773071289062500000,  ,  ,  81.756 
bubblesort_upd2 ; 0.879089355468750000, 0.770141601562500000,  ,  ,  82.277 
bubblesort_upd2 ; 0.881591796875000000, 0.768676757812500000,  ,  ,  81.822 
bubblesort_upd2 ; 0.872619628906250000, 0.766113281250000000,  ,  ,  81.255 
bubblesort_upd2 ; 0.891845703125000000, 0.778015136718750000,  ,  ,  81.637 
bubblesort_upd2 ; 0.873474121093750000, 0.766479492187500000,  ,  ,  81.458 
bubblesort_upd2 ; 0.884033203125000000, 0.770996093750000000,  ,  ,  81.694 
bubblesort_upd2 ; 0.901245117187500000, 0.787963867187500000,  ,  ,  81.867 
bubblesort_upd2 ; 0.879516601562500000, 0.774841308593750000,  ,  ,  81.517 
bubblesort_upd2 ; 0.884216308593750000, 0.765869140625000000,  ,  ,  81.357 
bubblesort_upd2 ; 0.867797851562500000, 0.762390136718750000,  ,  ,  81.481 
bubblesort_upd2 ; 0.891174316406250000, 0.775512695312500000,  ,  ,  81.469 
bubblesort_upd2 ; 0.873901367187500000, 0.768371582031250000,  ,  ,  81.348 
bubblesort_upd2 ; 0.880737304687500000, 0.769775390625000000,  ,  ,  81.383 
bubblesort_upd2 ; 0.953552246093750000, 0.822814941406250000,  ,  ,  81.673 
bubblesort_upd2 ; 0.885559082031250000, 0.765258789062500000,  ,  ,  81.482 
bubblesort_upd2 ; 0.871826171875000000, 0.769104003906250000,  ,  ,  81.689 
bubblesort_upd2 ; 0.890136718750000000, 0.773315429687500000,  ,  ,  81.43 
bubblesort_upd2 ; 0.872924804687500000, 0.767028808593750000,  ,  ,  81.435 
bubblesort_upd2 ; 0.892395019531250000, 0.779907226562500000,  ,  ,  81.893 
bubblesort_upd2 ; 0.961730957031250000, 0.846008300781250000,  ,  ,  81.572 
bubblesort_upd2 ; 0.909912109375000000, 0.808532714843750000,  ,  ,  81.833 
bubblesort_upd2 ; 0.869873046875000000, 0.763061523437500000,  ,  ,  81.448 
bubblesort_upd2 ; 0.946777343750000000, 0.841247558593750000,  ,  ,  81.379 
bubblesort_upd2 ; 0.880432128906250000, 0.765869140625000000,  ,  ,  81.725 
bubblesort_upd2 ; 0.866455078125000000, 0.761840820312500000,  ,  ,  81.558 
bubblesort_upd2 ; 0.881164550781250000, 0.778442382812500000,  ,  ,  81.817 
bubblesort_upd2 ; 0.877014160156250000, 0.760559082031250000,  ,  ,  81.382 
bubblesort_upd2 ; 0.876464843750000000, 0.771789550781250000,  ,  ,  81.63 
bubblesort_upd2 ; 0.907104492187500000, 0.779602050781250000,  ,  ,  81.466 
bubblesort_upd2 ; 0.897949218750000000, 0.770080566406250000,  ,  ,  81.547 
bubblesort_upd2 ; 0.918334960937500000, 0.798156738281250000,  ,  ,  82.233 
bubblesort_upd2 ; 0.949218750000000000, 0.847717285156250000,  ,  ,  81.86 
bubblesort_upd2 ; 0.873291015625000000, 0.768615722656250000,  ,  ,  81.624 
bubblesort_upd2 ; 0.870117187500000000, 0.763732910156250000,  ,  ,  81.411 
bubblesort_upd2 ; 0.872741699218750000, 0.765991210937500000,  ,  ,  81.392 
bubblesort_upd2 ; 0.884033203125000000, 0.770568847656250000,  ,  ,  81.613 
bubblesort_upd2 ; 0.865844726562500000, 0.759216308593750000,  ,  ,  81.475 
bubblesort_upd2 ; 0.882019042968750000, 0.776367187500000000,  ,  ,  81.362 
bubblesort_upd2 ; 0.900268554687500000, 0.793090820312500000,  ,  ,  81.482 
bubblesort_upd2 ; 0.877685546875000000, 0.766052246093750000,  ,  ,  81.897 
bubblesort_upd2 ; 0.869323730468750000, 0.765380859375000000,  ,  ,  81.57 
bubblesort_upd2 ; 0.882690429687500000, 0.766601562500000000,  ,  ,  81.442 
bubblesort_upd2 ; 0.898864746093750000, 0.783935546875000000,  ,  ,  82.792 
bubblesort_upd2 ; 0.870300292968750000, 0.765319824218750000,  ,  ,  81.403 
bubblesort_upd2 ; 0.882202148437500000, 0.765869140625000000,  ,  ,  81.566 
bubblesort_upd2 ; 0.869323730468750000, 0.764343261718750000,  ,  ,  81.491 
bubblesort_upd2 ; 0.881408691406250000, 0.766357421875000000,  ,  ,  81.631 
bubblesort_upd2 ; 0.870239257812500000, 0.766601562500000000,  ,  ,  81.61 
bubblesort_upd2 ; 0.883789062500000000, 0.768554687500000000,  ,  ,  81.604 
bubblesort_upd2 ; 0.897766113281250000, 0.785888671875000000,  ,  ,  81.98 
bubblesort_upd2 ; 0.873901367187500000, 0.768981933593750000,  ,  ,  81.434 
bubblesort_upd2 ; 0.889770507812500000, 0.775878906250000000,  ,  ,  81.749 
bubblesort_upd2 ; 0.887329101562500000, 0.773925781250000000,  ,  ,  81.745 
bubblesort_upd2 ; 0.953552246093750000, 0.848937988281250000,  ,  ,  81.592 
bubblesort_upd2 ; 0.880432128906250000, 0.778930664062500000,  ,  ,  83.009 
bubblesort_upd2 ; 0.877319335937500000, 0.760375976562500000,  ,  ,  81.483 
bubblesort_upd2 ; 0.878662109375000000, 0.775146484375000000,  ,  ,  81.445 
bubblesort_upd2 ; 0.887573242187500000, 0.770690917968750000,  ,  ,  81.456 
bubblesort_upd2 ; 0.871276855468750000, 0.767883300781250000,  ,  ,  81.578 
bubblesort_upd2 ; 0.881347656250000000, 0.764160156250000000,  ,  ,  81.391 
bubblesort_upd2 ; 0.866699218750000000, 0.760925292968750000,  ,  ,  81.473 
bubblesort_upd2 ; 0.897399902343750000, 0.778015136718750000,  ,  ,  82.27 
bubblesort_upd2 ; 0.881225585937500000, 0.774658203125000000,  ,  ,  82.568 
bubblesort_upd2 ; 0.887512207031250000, 0.775512695312500000,  ,  ,  81.787 
bubblesort_upd2 ; 0.865905761718750000, 0.758972167968750000,  ,  ,  81.537 
bubblesort_upd2 ; 0.872009277343750000, 0.767639160156250000,  ,  ,  81.482 
bubblesort_upd2 ; 0.893676757812500000, 0.779724121093750000,  ,  ,  82.93 
bubblesort_upd2 ; 0.869384765625000000, 0.763305664062500000,  ,  ,  81.31 
bubblesort_upd2 ; 0.881530761718750000, 0.763977050781250000,  ,  ,  81.482 
bubblesort_upd2 ; 0.875610351562500000, 0.770935058593750000,  ,  ,  81.451 
bubblesort_upd2 ; 0.884765625000000000, 0.769287109375000000,  ,  ,  81.564 
bubblesort_upd2 ; 0.868469238281250000, 0.761779785156250000,  ,  ,  81.3 
bubblesort_upd2 ; 0.864624023437500000, 0.759643554687500000,  ,  ,  81.465 
bubblesort_upd2 ; 0.875244140625000000, 0.758850097656250000,  ,  ,  81.403 
bubblesort_upd2 ; 0.868896484375000000, 0.764221191406250000,  ,  ,  81.449 
bubblesort_upd2 ; 0.881958007812500000, 0.765197753906250000,  ,  ,  81.504 
bubblesort_upd2 ; 0.877563476562500000, 0.765808105468750000,  ,  ,  81.771 
bubblesort_upd2 ; 0.866516113281250000, 0.759155273437500000,  ,  ,  81.187 
bubblesort_upd2 ; 0.906982421875000000, 0.802551269531250000,  ,  ,  81.425 
bubblesort_upd2 ; 0.881958007812500000, 0.764648437500000000,  ,  ,  81.331 
bubblesort_upd2 ; 0.867248535156250000, 0.760070800781250000,  ,  ,  81.124 
bubblesort_upd2 ; 0.867919921875000000, 0.764221191406250000,  ,  ,  81.532 
bubblesort_upd2 ; 0.881408691406250000, 0.771179199218750000,  ,  ,  81.97 
bubblesort_upd2 ; 0.879821777343750000, 0.762329101562500000,  ,  ,  81.355 
bubblesort_upd2 ; 0.866455078125000000, 0.764160156250000000,  ,  ,  81.55 
bubblesort_upd2 ; 0.880737304687500000, 0.764282226562500000,  ,  ,  81.455 
bubblesort_upd2 ; 0.862854003906250000, 0.758544921875000000,  ,  ,  81.403 
bubblesort_upd2 ; 0.864685058593750000, 0.757324218750000000,  ,  ,  81.218 
bubblesort_upd2 ; 0.896057128906250000, 0.767700195312500000,  ,  ,  81.205 
bubblesort_upd2 ; 0.964416503906250000, 0.834960937500000000,  ,  ,  81.31 
bubblesort_upd2 ; 0.891967773437500000, 0.787780761718750000,  ,  ,  81.398 
bubblesort_upd2 ; 0.875732421875000000, 0.759887695312500000,  ,  ,  81.524 
bubblesort_upd2 ; 0.878906250000000000, 0.769409179687500000,  ,  ,  81.893 
bubblesort_upd2 ; 0.873046875000000000, 0.766906738281250000,  ,  ,  81.409 
bubblesort_upd2 ; 0.864440917968750000, 0.760131835937500000,  ,  ,  81.314 
bubblesort_upd2 ; 0.878723144531250000, 0.762329101562500000,  ,  ,  81.473 
bubblesort_upd2 ; 0.864135742187500000, 0.758483886718750000,  ,  ,  81.373 
bubblesort_upd2 ; 0.865905761718750000, 0.758789062500000000,  ,  ,  81.302 
bubblesort_upd2 ; 0.895629882812500000, 0.778259277343750000,  ,  ,  81.171 
bubblesort_upd2 ; 0.872680664062500000, 0.765380859375000000,  ,  ,  81.249 
bubblesort_upd2 ; 0.873474121093750000, 0.762207031250000000,  ,  ,  81.412 
bubblesort_upd2 ; 0.910400390625000000, 0.767883300781250000,  ,  ,  81.454 
bubblesort_upd2 ; 0.910522460937500000, 0.804382324218750000,  ,  ,  81.376 
bubblesort_upd2 ; 0.866577148437500000, 0.759338378906250000,  ,  ,  81.262 
bubblesort_upd2 ; 0.873962402343750000, 0.758544921875000000,  ,  ,  81.477 
bubblesort_upd2 ; 0.865783691406250000, 0.759826660156250000,  ,  ,  81.295 
bubblesort_upd2 ; 0.874023437500000000, 0.758239746093750000,  ,  ,  81.461 
bubblesort_upd2 ; 0.869445800781250000, 0.763366699218750000,  ,  ,  81.266 
bubblesort_upd2 ; 0.864196777343750000, 0.760559082031250000,  ,  ,  81.511 
bubblesort_upd2 ; 0.882141113281250000, 0.766235351562500000,  ,  ,  81.51 
bubblesort_upd2 ; 0.865966796875000000, 0.761657714843750000,  ,  ,  81.354 
bubblesort_upd2 ; 0.870910644531250000, 0.763854980468750000,  ,  ,  81.254 
bubblesort_upd2 ; 0.880065917968750000, 0.764160156250000000,  ,  ,  81.321 
bubblesort_upd2 ; 0.866760253906250000, 0.760803222656250000,  ,  ,  81.325 
bubblesort_upd2 ; 0.909606933593750000, 0.804870605468750000,  ,  ,  81.311 
bubblesort_upd2 ; 0.871459960937500000, 0.756958007812500000,  ,  ,  81.678 
bubblesort_upd2 ; 0.866210937500000000, 0.760498046875000000,  ,  ,  81.284 
bubblesort_upd2 ; 0.877624511718750000, 0.762145996093750000,  ,  ,  81.496 
bubblesort_upd2 ; 0.863586425781250000, 0.759826660156250000,  ,  ,  81.464 
bubblesort_upd2 ; 0.878234863281250000, 0.761474609375000000,  ,  ,  81.362 
bubblesort_upd2 ; 0.864074707031250000, 0.759704589843750000,  ,  ,  81.482 
bubblesort_upd2 ; 0.886657714843750000, 0.771911621093750000,  ,  ,  81.46 
bubblesort_upd2 ; 0.864868164062500000, 0.759826660156250000,  ,  ,  81.487 
bubblesort_upd2 ; 0.862060546875000000, 0.756042480468750000,  ,  ,  81.257 
bubblesort_upd2 ; 0.883483886718750000, 0.765930175781250000,  ,  ,  81.324 
bubblesort_upd2 ; 0.863403320312500000, 0.759216308593750000,  ,  ,  81.399 
bubblesort_upd2 ; 0.897094726562500000, 0.780090332031250000,  ,  ,  81.401 
bubblesort_upd2 ; 0.865600585937500000, 0.762023925781250000,  ,  ,  81.451 
bubblesort_upd2 ; 0.878173828125000000, 0.772338867187500000,  ,  ,  81.416 
bubblesort_upd2 ; 0.891479492187500000, 0.776550292968750000,  ,  ,  81.381 
bubblesort_upd2 ; 0.863769531250000000, 0.755859375000000000,  ,  ,  81.191 
bubblesort_upd2 ; 0.864379882812500000, 0.759948730468750000,  ,  ,  81.437 
bubblesort_upd2 ; 0.878845214843750000, 0.760864257812500000,  ,  ,  81.275 
bubblesort_upd2 ; 0.947021484375000000, 0.840820312500000000,  ,  ,  81.21 
bubblesort_upd2 ; 0.864868164062500000, 0.758850097656250000,  ,  ,  81.333 
bubblesort_upd2 ; 0.876342773437500000, 0.761779785156250000,  ,  ,  81.457 
bubblesort_upd2 ; 0.863830566406250000, 0.758117675781250000,  ,  ,  81.467 
bubblesort_upd2 ; 0.878295898437500000, 0.763366699218750000,  ,  ,  81.413 
bubblesort_upd2 ; 0.894042968750000000, 0.789367675781250000,  ,  ,  81.531 
bubblesort_upd2 ; 0.865234375000000000, 0.760192871093750000,  ,  ,  81.251 
bubblesort_upd2 ; 0.877136230468750000, 0.759826660156250000,  ,  ,  81.385 
bubblesort_upd2 ; 0.875000000000000000, 0.759948730468750000,  ,  ,  81.442 
bubblesort_upd2 ; 0.972656250000000000, 0.838256835937500000,  ,  ,  82.044 
bubblesort_upd2 ; 0.880493164062500000, 0.764160156250000000,  ,  ,  81.428 
bubblesort_upd2 ; 0.877868652343750000, 0.771545410156250000,  ,  ,  82.315 
bubblesort_upd2 ; 0.861267089843750000, 0.755187988281250000,  ,  ,  81.325 
bubblesort_upd2 ; 0.884094238281250000, 0.767272949218750000,  ,  ,  81.283 
bubblesort_upd2 ; 0.870300292968750000, 0.765502929687500000,  ,  ,  81.376 
bubblesort_upd2 ; 0.904907226562500000, 0.786682128906250000,  ,  ,  84.574 
bubblesort_upd2 ; 0.864929199218750000, 0.760681152343750000,  ,  ,  81.513 
bubblesort_upd2 ; 0.897949218750000000, 0.786926269531250000,  ,  ,  81.815 
bubblesort_upd2 ; 0.866394042968750000, 0.759948730468750000,  ,  ,  81.335 
bubblesort_upd2 ; 0.863586425781250000, 0.757507324218750000,  ,  ,  81.151 
bubblesort_upd2 ; 0.876892089843750000, 0.757568359375000000,  ,  ,  81.174 
bubblesort_upd2 ; 0.864379882812500000, 0.758850097656250000,  ,  ,  81.386 
bubblesort_upd2 ; 0.861999511718750000, 0.757019042968750000,  ,  ,  81.357 
bubblesort_upd2 ; 0.880065917968750000, 0.764343261718750000,  ,  ,  81.409 
bubblesort_upd2 ; 0.936462402343750000, 0.832336425781250000,  ,  ,  81.524 
bubblesort_upd2 ; 0.885620117187500000, 0.772033691406250000,  ,  ,  81.605 
bubblesort_upd2 ; 0.865539550781250000, 0.760681152343750000,  ,  ,  81.428 
bubblesort_upd2 ; 0.881347656250000000, 0.765747070312500000,  ,  ,  81.456 
bubblesort_upd2 ; 0.864501953125000000, 0.762390136718750000,  ,  ,  81.717 
bubblesort_upd2 ; 0.899291992187500000, 0.783508300781250000,  ,  ,  81.468 
bubblesort_upd2 ; 0.864196777343750000, 0.757446289062500000,  ,  ,  81.164 
bubblesort_upd2 ; 0.874389648437500000, 0.759277343750000000,  ,  ,  81.537 
bubblesort_upd2 ; 0.861816406250000000, 0.757629394531250000,  ,  ,  81.478 
bubblesort_upd2 ; 0.879150390625000000, 0.765991210937500000,  ,  ,  81.693 
bubblesort_upd2 ; 0.869262695312500000, 0.766906738281250000,  ,  ,  81.666 
bubblesort_upd2 ; 0.872497558593750000, 0.754821777343750000,  ,  ,  81.228 
bubblesort_upd2 ; 0.912170410156250000, 0.806884765625000000,  ,  ,  81.398 
bubblesort_upd2 ; 0.864257812500000000, 0.758605957031250000,  ,  ,  81.324 
bubblesort_upd2 ; 0.882324218750000000, 0.765502929687500000,  ,  ,  81.244 
bubblesort_upd2 ; 0.865173339843750000, 0.758483886718750000,  ,  ,  81.301 
bubblesort_upd2 ; 0.869873046875000000, 0.766296386718750000,  ,  ,  81.534 
bubblesort_upd2 ; 0.912475585937500000, 0.798217773437500000,  ,  ,  81.572 
bubblesort_upd2 ; 0.890136718750000000, 0.775512695312500000,  ,  ,  82.608 
bubblesort_upd2 ; 0.890686035156250000, 0.785827636718750000,  ,  ,  81.411 
bubblesort_upd2 ; 0.859619140625000000, 0.753845214843750000,  ,  ,  81.332 
bubblesort_upd2 ; 0.876892089843750000, 0.759826660156250000,  ,  ,  81.295 
bubblesort_upd2 ; 0.861999511718750000, 0.756896972656250000,  ,  ,  81.334 
bubblesort_upd2 ; 0.864562988281250000, 0.759216308593750000,  ,  ,  81.335 
bubblesort_upd2 ; 0.880798339843750000, 0.764099121093750000,  ,  ,  81.313 
bubblesort_upd2 ; 0.863281250000000000, 0.759643554687500000,  ,  ,  81.527 
bubblesort_upd2 ; 0.879699707031250000, 0.764038085937500000,  ,  ,  81.411 
bubblesort_upd2 ; 0.862060546875000000, 0.757141113281250000,  ,  ,  81.439 
bubblesort_upd2 ; 0.888549804687500000, 0.761596679687500000,  ,  ,  81.588 
bubblesort_upd2 ; 0.921508789062500000, 0.794433593750000000,  ,  ,  81.414 
bubblesort_upd2 ; 0.874328613281250000, 0.759216308593750000,  ,  ,  81.515 
bubblesort_upd2 ; 0.863647460937500000, 0.757812500000000000,  ,  ,  81.299 
bubblesort_upd2 ; 0.892333984375000000, 0.785461425781250000,  ,  ,  81.256 
bubblesort_upd2 ; 0.866882324218750000, 0.761291503906250000,  ,  ,  81.279 
bubblesort_upd2 ; 0.875061035156250000, 0.764404296875000000,  ,  ,  81.973 
bubblesort_upd2 ; 0.875000000000000000, 0.761413574218750000,  ,  ,  81.643 
bubblesort_upd2 ; 0.877868652343750000, 0.761840820312500000,  ,  ,  81.475 
bubblesort_upd2 ; 0.867858886718750000, 0.764221191406250000,  ,  ,  81.379 
bubblesort_upd2 ; 0.875915527343750000, 0.761169433593750000,  ,  ,  81.616 
bubblesort_upd2 ; 0.944763183593750000, 0.841064453125000000,  ,  ,  81.494 
bubblesort_upd2 ; 0.868469238281250000, 0.762329101562500000,  ,  ,  81.393 
bubblesort_upd2 ; 0.947509765625000000, 0.830932617187500000,  ,  ,  84.67 
bubblesort_upd2 ; 0.863464355468750000, 0.757080078125000000,  ,  ,  81.34 
bubblesort_upd2 ; 0.877807617187500000, 0.760986328125000000,  ,  ,  81.2 
bubblesort_upd2 ; 0.862915039062500000, 0.758911132812500000,  ,  ,  81.476 
bubblesort_upd2 ; 0.882385253906250000, 0.767150878906250000,  ,  ,  81.472 
bubblesort_upd2 ; 0.863098144531250000, 0.758728027343750000,  ,  ,  81.413 
bubblesort_upd2 ; 0.873901367187500000, 0.758850097656250000,  ,  ,  81.532 
bubblesort_upd2 ; 0.868957519531250000, 0.763732910156250000,  ,  ,  81.267 
bubblesort_upd2 ; 0.864868164062500000, 0.759948730468750000,  ,  ,  81.485 
bubblesort_upd2 ; 0.875183105468750000, 0.759277343750000000,  ,  ,  81.287 
bubblesort_upd2 ; 0.866210937500000000, 0.763061523437500000,  ,  ,  81.64 
bubblesort_upd2 ; 0.877258300781250000, 0.762023925781250000,  ,  ,  81.436 
bubblesort_upd2 ; 0.902832031250000000, 0.797546386718750000,  ,  ,  81.366 
bubblesort_upd2 ; 0.869201660156250000, 0.762329101562500000,  ,  ,  81.134 
bubblesort_upd2 ; 0.885498046875000000, 0.769653320312500000,  ,  ,  81.51 
bubblesort_upd2 ; 0.951232910156250000, 0.842346191406250000,  ,  ,  82.034 
bubblesort_upd2 ; 0.877014160156250000, 0.763793945312500000,  ,  ,  81.763 
bubblesort_upd2 ; 0.866882324218750000, 0.761901855468750000,  ,  ,  81.338 
bubblesort_upd2 ; 0.864318847656250000, 0.760803222656250000,  ,  ,  81.626 
bubblesort_upd2 ; 0.880187988281250000, 0.766113281250000000,  ,  ,  81.521 
bubblesort_upd2 ; 0.865234375000000000, 0.757446289062500000,  ,  ,  81.156 
bubblesort_upd2 ; 0.878051757812500000, 0.762329101562500000,  ,  ,  81.412 
bubblesort_upd2 ; 0.864624023437500000, 0.759155273437500000,  ,  ,  81.367 
bubblesort_upd2 ; 0.876831054687500000, 0.763305664062500000,  ,  ,  81.649 
bubblesort_upd2 ; 0.887817382812500000, 0.777587890625000000,  ,  ,  82.027 
bubblesort_upd2 ; 0.861145019531250000, 0.760131835937500000,  ,  ,  81.76 
bubblesort_upd2 ; 0.884216308593750000, 0.768676757812500000,  ,  ,  81.437 
bubblesort_upd2 ; 0.884216308593750000, 0.781616210937500000,  ,  ,  81.612 
bubblesort_upd2 ; 0.879821777343750000, 0.765258789062500000,  ,  ,  81.609 
bubblesort_upd2 ; 0.868408203125000000, 0.763061523437500000,  ,  ,  81.315 
bubblesort_upd2 ; 0.874511718750000000, 0.757202148437500000,  ,  ,  81.265 
bubblesort_upd2 ; 0.868591308593750000, 0.761901855468750000,  ,  ,  81.283 
bubblesort_upd2 ; 0.865234375000000000, 0.759277343750000000,  ,  ,  81.271 
bubblesort_upd2 ; 0.876037597656250000, 0.761230468750000000,  ,  ,  81.508 
bubblesort_upd2 ; 0.870422363281250000, 0.765869140625000000,  ,  ,  81.372 
bubblesort_upd2 ; 0.878234863281250000, 0.766174316406250000,  ,  ,  81.779 
bubblesort_upd2 ; 0.874267578125000000, 0.767639160156250000,  ,  ,  82.429 
bubblesort_upd2 ; 0.872253417968750000, 0.757202148437500000,  ,  ,  81.507 
bubblesort_upd2 ; 0.873046875000000000, 0.769531250000000000,  ,  ,  81.586 
bubblesort_upd2 ; 0.876647949218750000, 0.759155273437500000,  ,  ,  81.255 
bubblesort_upd2 ; 0.866821289062500000, 0.763488769531250000,  ,  ,  81.476 
bubblesort_upd2 ; 0.874450683593750000, 0.769226074218750000,  ,  ,  81.339 
bubblesort_upd2 ; 0.882019042968750000, 0.765991210937500000,  ,  ,  81.386 
bubblesort_upd2 ; 0.866027832031250000, 0.760803222656250000,  ,  ,  81.494 
bubblesort_upd2 ; 0.872314453125000000, 0.758789062500000000,  ,  ,  81.5 
bubblesort_upd2 ; 0.863586425781250000, 0.757080078125000000,  ,  ,  81.367 
